Order ID,Timestamp,Trader,Exchange,Symbol,Order Type,Order Size,Fill Size,Price
Order_328,2023-11-22 09:30:03,Trader D,NYSE,FB,Buy,345,345,218.94
Order_996,2023-11-22 09:30:18,Trader B,CME,JNJ,Sell,339,335,164.08
Order_56,2023-11-22 09:30:51,Trader C,NASDAQ,TSLA,Sell,858,858,673.5
Order_190,2023-11-22 09:31:20,Trader D,NASDAQ,AAPL,Buy,330,330,143.9
Order_1000,2023-11-22 09:31:41,Trader D,NYSE,BRK.A,Buy,536,541,366119.42
Order_500,2023-11-22 09:32:03,Trader C,LSE,GOOGL,Buy,663,663,2941.1
Order_619,2023-11-22 09:32:28,Trader B,CME,BRK.A,Buy,819,819,334823.19
Order_454,2023-11-22 09:33:04,Trader B,CME,BRK.A,Sell,904,904,353466.41
Order_162,2023-11-22 09:34:15,Trader C,NASDAQ,JPM,Buy,268,268,124.39
Order_684,2023-11-22 09:35:25,Trader D,NYSE,AMZN,Buy,166,166,2944.25
Order_487,2023-11-22 09:35:32,Trader D,NASDAQ,TSLA,Buy,74,74,721.12
Order_785,2023-11-22 09:38:24,Trader D,NYSE,AMZN,Sell,920,920,3364.48
Order_754,2023-11-22 09:40:14,Trader C,NASDAQ,FB,Sell,780,780,219.81
Order_771,2023-11-22 09:40:18,Trader B,NASDAQ,BRK.A,Sell,496,496,339106.82
Order_546,2023-11-22 09:40:21,Trader D,LSE,JPM,Sell,302,302,122.31
Order_447,2023-11-22 09:40:31,Trader B,CME,AMZN,Sell,262,262,2951.72
Order_674,2023-11-22 09:41:13,Trader C,LSE,GOOGL,Buy,295,295,2563.17
Order_704,2023-11-22 09:41:17,Trader A,CME,BRK.A,Buy,72,72,374716.38
Order_397,2023-11-22 09:41:27,Trader B,NYSE,JNJ,Buy,922,922,151.46
Order_396,2023-11-22 09:42:42,Trader A,LSE,GOOGL,Buy,160,160,2719.82
Order_862,2023-11-22 09:42:47,Trader A,LSE,V,Buy,234,234,219.0
Order_881,2023-11-22 09:43:01,Trader A,NYSE,AMZN,Sell,655,655,3320.41
Order_180,2023-11-22 09:43:04,Trader D,LSE,TSLA,Sell,270,270,676.56
Order_221,2023-11-22 09:43:19,Trader B,NYSE,JNJ,Sell,701,701,175.72
Order_564,2023-11-22 09:44:14,Trader B,NASDAQ,V,Buy,573,573,208.1
Order_347,2023-11-22 09:44:20,Trader C,CME,BRK.A,Buy,930,930,378337.36
Order_132,2023-11-22 09:44:23,Trader B,NASDAQ,GOOGL,Buy,217,217,2693.29
Order_640,2023-11-22 09:44:27,Trader A,CME,FB,Buy,759,759,183.65
Order_271,2023-11-22 09:45:00,Trader B,NYSE,AAPL,Sell,970,970,150.6
Order_853,2023-11-22 09:45:01,Trader D,LSE,BRK.A,Sell,52,52,365909.13
Order_9,2023-11-22 09:45:08,Trader A,CME,AAPL,Sell,610,610,147.35
Order_142,2023-11-22 09:45:28,Trader D,LSE,AMZN,Sell,809,809,2946.69
Order_289,2023-11-22 09:45:37,Trader D,NASDAQ,GOOGL,Buy,867,867,2785.92
Order_339,2023-11-22 09:45:54,Trader C,LSE,JNJ,Sell,85,85,150.86
Order_920,2023-11-22 09:46:49,Trader C,LSE,FB,Buy,578,578,204.84
Order_697,2023-11-22 09:47:33,Trader C,NASDAQ,JNJ,Buy,514,514,164.93
Order_393,2023-11-22 09:47:38,Trader A,NYSE,TSLA,Sell,225,225,758.58
Order_406,2023-11-22 09:48:03,Trader D,LSE,V,Buy,173,173,211.66
Order_5,2023-11-22 09:50:26,Trader C,NYSE,BRK.A,Buy,405,405,338648.01
Order_755,2023-11-22 09:51:04,Trader A,NASDAQ,AAPL,Sell,52,52,163.04
Order_357,2023-11-22 09:51:20,Trader C,NASDAQ,GOOGL,Sell,859,859,2845.0
Order_643,2023-11-22 09:51:36,Trader B,CME,FB,Sell,921,921,195.27
Order_174,2023-11-22 09:51:47,Trader A,NASDAQ,BRK.A,Sell,81,81,366955.73
Order_122,2023-11-22 09:52:22,Trader B,LSE,V,Buy,590,590,218.41
Order_791,2023-11-22 09:53:16,Trader A,NYSE,MSFT,Sell,839,839,261.74
Order_967,2023-11-22 09:55:53,Trader C,NASDAQ,BRK.A,Sell,577,577,360779.87
Order_645,2023-11-22 09:57:31,Trader B,LSE,GOOGL,Sell,354,354,2804.34
Order_333,2023-11-22 09:58:01,Trader A,LSE,JPM,Sell,550,550,134.63
Order_207,2023-11-22 09:58:14,Trader A,LSE,TSLA,Buy,121,121,631.39
Order_477,2023-11-22 09:59:02,Trader C,CME,GOOGL,Buy,116,116,2963.78
Order_687,2023-11-22 09:59:07,Trader D,NASDAQ,AAPL,Buy,33,33,142.22
Order_902,2023-11-22 09:59:59,Trader D,LSE,JPM,Sell,892,892,124.99
Order_270,2023-11-22 10:00:24,Trader D,NASDAQ,AMZN,Buy,962,962,2808.2
Order_434,2023-11-22 10:00:26,Trader B,NASDAQ,V,Sell,872,872,229.55
Order_179,2023-11-22 10:00:34,Trader C,NYSE,AMZN,Buy,878,878,3220.14
Order_101,2023-11-22 10:00:50,Trader A,LSE,V,Sell,178,178,222.64
Order_356,2023-11-22 10:00:57,Trader A,NASDAQ,V,Sell,798,798,197.81
Order_814,2023-11-22 10:01:04,Trader A,NYSE,AAPL,Buy,724,724,147.91
Order_841,2023-11-22 10:01:18,Trader B,LSE,AMZN,Buy,332,332,3319.73
Order_127,2023-11-22 10:02:07,Trader A,NASDAQ,JPM,Buy,142,142,138.06
Order_277,2023-11-22 10:02:13,Trader C,NYSE,JPM,Buy,385,385,134.19
Order_729,2023-11-22 10:03:16,Trader B,CME,BRK.A,Sell,498,498,380379.24
Order_831,2023-11-22 10:03:46,Trader A,CME,AMZN,Sell,217,217,3203.14
Order_538,2023-11-22 10:04:34,Trader B,CME,JNJ,Buy,529,529,172.61
Order_651,2023-11-22 10:05:36,Trader D,NASDAQ,GOOGL,Buy,998,998,2451.47
Order_838,2023-11-22 10:07:04,Trader C,LSE,JNJ,Sell,940,940,159.79
Order_887,2023-11-22 10:08:37,Trader C,NYSE,TSLA,Sell,153,153,649.47
Order_725,2023-11-22 10:08:38,Trader D,NYSE,AMZN,Sell,794,794,2903.97
Order_431,2023-11-22 10:09:22,Trader B,NASDAQ,FB,Sell,632,632,203.72
Order_418,2023-11-22 10:10:33,Trader A,NASDAQ,TSLA,Buy,149,149,659.42
Order_807,2023-11-22 10:10:52,Trader D,NYSE,GOOGL,Buy,94,94,2574.23
Order_130,2023-11-22 10:11:22,Trader A,NYSE,JNJ,Buy,409,409,175.09
Order_808,2023-11-22 10:12:09,Trader C,NASDAQ,JPM,Sell,119,119,129.43
Order_532,2023-11-22 10:13:23,Trader C,LSE,AAPL,Buy,626,626,138.84
Order_602,2023-11-22 10:13:33,Trader C,LSE,TSLA,Sell,555,555,672.72
Order_240,2023-11-22 10:14:02,Trader B,LSE,FB,Sell,672,672,201.92
Order_548,2023-11-22 10:14:29,Trader D,CME,JNJ,Sell,791,791,148.08
Order_565,2023-11-22 10:15:29,Trader C,LSE,V,Buy,949,949,217.24
Order_251,2023-11-22 10:15:43,Trader A,NASDAQ,GOOGL,Buy,309,309,2882.14
Order_953,2023-11-22 10:15:57,Trader D,NASDAQ,JPM,Sell,403,403,137.59
Order_467,2023-11-22 10:17:10,Trader D,NYSE,MSFT,Sell,39,39,258.94
Order_304,2023-11-22 10:17:10,Trader C,NASDAQ,V,Buy,26,26,190.79
Order_856,2023-11-22 10:20:16,Trader B,CME,TSLA,Buy,368,368,732.85
Order_372,2023-11-22 10:20:30,Trader A,CME,AAPL,Buy,680,680,148.41
Order_827,2023-11-22 10:21:20,Trader B,CME,JNJ,Buy,964,964,158.92
Order_394,2023-11-22 10:21:56,Trader A,NASDAQ,GOOGL,Buy,437,437,2503.16
Order_947,2023-11-22 10:22:09,Trader D,NASDAQ,AMZN,Buy,761,761,3025.39
Order_355,2023-11-22 10:22:33,Trader A,LSE,AAPL,Sell,671,671,151.88
Order_545,2023-11-22 10:22:48,Trader C,NASDAQ,BRK.A,Sell,401,401,336030.16
Order_473,2023-11-22 10:23:21,Trader C,NYSE,V,Sell,188,188,212.2
Order_199,2023-11-22 10:23:53,Trader A,LSE,MSFT,Buy,37,37,260.43
Order_649,2023-11-22 10:25:14,Trader D,NYSE,GOOGL,Sell,774,774,2769.88
Order_420,2023-11-22 10:25:16,Trader C,LSE,JNJ,Buy,98,98,148.59
Order_98,2023-11-22 10:25:26,Trader A,CME,JPM,Buy,660,660,134.49
Order_835,2023-11-22 10:26:08,Trader C,NYSE,JNJ,Buy,466,466,155.06
Order_590,2023-11-22 10:26:25,Trader A,CME,JPM,Buy,607,607,140.93
Order_85,2023-11-22 10:26:32,Trader B,LSE,AAPL,Buy,20,20,156.02
Order_636,2023-11-22 10:27:15,Trader A,LSE,JPM,Buy,986,986,131.99
Order_97,2023-11-22 10:28:20,Trader C,NASDAQ,BRK.A,Sell,458,458,329844.48
Order_531,2023-11-22 10:28:41,Trader D,CME,JPM,Buy,152,152,137.09
Order_96,2023-11-22 10:29:53,Trader D,CME,JNJ,Buy,146,146,149.51
Order_783,2023-11-22 10:30:09,Trader D,NYSE,JNJ,Buy,241,241,145.49
Order_800,2023-11-22 10:30:24,Trader B,CME,MSFT,Buy,765,765,248.53
Order_55,2023-11-22 10:30:47,Trader D,LSE,V,Buy,734,734,206.33
Order_19,2023-11-22 10:31:35,Trader C,LSE,V,Sell,269,269,191.19
Order_32,2023-11-22 10:31:44,Trader A,NASDAQ,AMZN,Sell,769,769,3027.87
Order_873,2023-11-22 10:31:50,Trader D,NYSE,V,Sell,10,10,208.4
Order_843,2023-11-22 10:31:59,Trader B,NYSE,JPM,Sell,479,479,127.59
Order_223,2023-11-22 10:32:15,Trader D,CME,FB,Sell,599,599,191.0
Order_820,2023-11-22 10:32:21,Trader B,CME,GOOGL,Sell,157,157,2431.6
Order_510,2023-11-22 10:32:27,Trader D,NASDAQ,MSFT,Sell,610,610,268.84
Order_917,2023-11-22 10:32:37,Trader A,NASDAQ,V,Buy,180,180,208.7
Order_131,2023-11-22 10:32:56,Trader D,LSE,BRK.A,Buy,617,617,349063.59
Order_154,2023-11-22 10:32:57,Trader B,NASDAQ,GOOGL,Sell,699,699,2518.58
Order_892,2023-11-22 10:33:38,Trader C,NASDAQ,JNJ,Buy,336,336,156.34
Order_985,2023-11-22 10:34:19,Trader D,NYSE,AAPL,Sell,301,301,140.36
Order_415,2023-11-22 10:36:35,Trader D,NASDAQ,V,Sell,119,119,223.1
Order_264,2023-11-22 10:38:37,Trader A,NASDAQ,FB,Buy,392,392,180.93
Order_439,2023-11-22 10:38:43,Trader A,NASDAQ,AAPL,Sell,977,977,144.75
Order_612,2023-11-22 10:39:15,Trader C,NYSE,JPM,Buy,540,540,135.37
Order_680,2023-11-22 10:39:19,Trader C,NYSE,BRK.A,Sell,840,840,357370.67
Order_858,2023-11-22 10:39:22,Trader B,NYSE,MSFT,Sell,267,267,258.33
Order_245,2023-11-22 10:39:38,Trader C,NYSE,TSLA,Sell,350,350,683.17
Order_236,2023-11-22 10:39:41,Trader C,NASDAQ,JNJ,Buy,197,197,168.72
Order_723,2023-11-22 10:39:45,Trader C,NYSE,AMZN,Buy,131,131,3264.69
Order_21,2023-11-22 10:40:12,Trader A,NYSE,AAPL,Sell,577,577,151.93
Order_280,2023-11-22 10:40:29,Trader A,NASDAQ,BRK.A,Sell,979,979,352409.23
Order_626,2023-11-22 10:40:52,Trader B,CME,AMZN,Sell,24,24,3151.5
Order_696,2023-11-22 10:41:48,Trader C,LSE,V,Buy,218,218,223.85
Order_320,2023-11-22 10:43:24,Trader D,NYSE,V,Buy,234,234,205.14
Order_971,2023-11-22 10:43:41,Trader C,CME,GOOGL,Sell,392,392,2776.51
Order_844,2023-11-22 10:44:14,Trader A,CME,JPM,Sell,205,205,120.61
Order_527,2023-11-22 10:44:31,Trader C,CME,FB,Sell,620,620,186.57
Order_703,2023-11-22 10:45:11,Trader A,NASDAQ,AAPL,Buy,936,936,144.56
Order_455,2023-11-22 10:45:45,Trader B,NYSE,AMZN,Sell,23,23,2903.14
Order_708,2023-11-22 10:46:22,Trader B,LSE,JPM,Buy,330,330,124.48
Order_17,2023-11-22 10:49:12,Trader C,LSE,JNJ,Buy,232,232,171.21
Order_652,2023-11-22 10:49:29,Trader B,NASDAQ,BRK.A,Buy,588,588,351452.42
Order_627,2023-11-22 10:50:41,Trader D,CME,AMZN,Buy,917,917,2962.89
Order_1,2023-11-22 10:50:48,Trader D,LSE,FB,Buy,475,475,186.25
Order_213,2023-11-22 10:50:49,Trader B,LSE,AAPL,Sell,146,146,141.91
Order_534,2023-11-22 10:52:12,Trader B,NASDAQ,GOOGL,Sell,151,151,2781.08
Order_288,2023-11-22 10:53:33,Trader C,LSE,GOOGL,Sell,213,213,2722.96
Order_770,2023-11-22 10:53:33,Trader D,NASDAQ,MSFT,Sell,141,141,227.08
Order_598,2023-11-22 10:53:41,Trader D,CME,MSFT,Sell,16,16,235.75
Order_978,2023-11-22 10:54:07,Trader C,NYSE,JPM,Sell,121,121,142.21
Order_537,2023-11-22 10:54:41,Trader A,NASDAQ,AAPL,Buy,794,794,151.08
Order_686,2023-11-22 10:55:10,Trader D,CME,TSLA,Sell,792,792,689.79
Order_496,2023-11-22 10:55:12,Trader A,NYSE,AAPL,Sell,527,527,151.69
Order_574,2023-11-22 10:56:31,Trader B,LSE,AMZN,Sell,291,291,2938.43
Order_600,2023-11-22 10:56:56,Trader A,CME,AAPL,Buy,948,948,161.99
Order_168,2023-11-22 10:58:29,Trader D,CME,MSFT,Sell,879,879,227.48
Order_959,2023-11-22 10:58:31,Trader B,NYSE,BRK.A,Sell,475,475,381529.33
Order_6,2023-11-22 10:59:17,Trader D,NYSE,JNJ,Sell,379,379,170.23
Order_295,2023-11-22 10:59:39,Trader C,LSE,JPM,Sell,532,532,129.38
Order_672,2023-11-22 11:00:19,Trader D,NASDAQ,TSLA,Sell,202,202,750.66
Order_367,2023-11-22 11:00:35,Trader B,LSE,GOOGL,Buy,769,769,2431.97
Order_818,2023-11-22 11:00:49,Trader D,NYSE,V,Buy,43,43,192.87
Order_494,2023-11-22 11:00:57,Trader A,LSE,JPM,Buy,771,771,138.95
Order_692,2023-11-22 11:01:05,Trader A,NASDAQ,AAPL,Buy,873,873,156.74
Order_235,2023-11-22 11:01:27,Trader A,CME,GOOGL,Buy,81,81,2568.21
Order_360,2023-11-22 11:02:00,Trader D,NYSE,FB,Sell,281,281,188.01
Order_302,2023-11-22 11:03:24,Trader A,CME,MSFT,Buy,760,760,235.37
Order_391,2023-11-22 11:03:41,Trader A,NASDAQ,BRK.A,Buy,171,171,327492.7
Order_152,2023-11-22 11:04:00,Trader C,LSE,JNJ,Buy,52,52,169.39
Order_997,2023-11-22 11:04:07,Trader C,NYSE,AMZN,Sell,593,593,3148.3
Order_369,2023-11-22 11:05:13,Trader A,CME,GOOGL,Sell,434,434,2636.98
Order_955,2023-11-22 11:05:41,Trader D,CME,MSFT,Sell,640,640,258.8
Order_66,2023-11-22 11:05:53,Trader B,NYSE,MSFT,Sell,695,695,251.37
Order_849,2023-11-22 11:06:11,Trader A,LSE,JPM,Sell,112,112,135.06
Order_816,2023-11-22 11:06:16,Trader A,NASDAQ,MSFT,Buy,276,276,245.75
Order_377,2023-11-22 11:07:44,Trader C,NASDAQ,JPM,Sell,396,396,134.53
Order_946,2023-11-22 11:08:11,Trader C,NYSE,BRK.A,Sell,828,828,363020.03
Order_382,2023-11-22 11:08:13,Trader B,LSE,V,Buy,420,420,201.28
Order_594,2023-11-22 11:08:39,Trader B,NASDAQ,BRK.A,Buy,885,885,371127.99
Order_819,2023-11-22 11:08:50,Trader B,NASDAQ,JNJ,Buy,459,459,170.65
Order_837,2023-11-22 11:09:25,Trader D,CME,JNJ,Buy,838,838,175.3
Order_227,2023-11-22 11:09:28,Trader A,LSE,JNJ,Buy,169,169,157.91
Order_425,2023-11-22 11:09:47,Trader B,LSE,AAPL,Buy,11,11,150.73
Order_861,2023-11-22 11:10:27,Trader D,CME,FB,Sell,784,784,185.11
Order_63,2023-11-22 11:10:36,Trader D,LSE,V,Buy,522,522,220.28
Order_178,2023-11-22 11:10:43,Trader C,LSE,AAPL,Buy,83,83,142.04
Order_362,2023-11-22 11:11:26,Trader B,NYSE,AMZN,Buy,59,59,2811.52
Order_657,2023-11-22 11:14:02,Trader C,CME,V,Sell,330,330,197.63
Order_449,2023-11-22 11:14:50,Trader A,NYSE,BRK.A,Buy,473,473,334196.62
Order_671,2023-11-22 11:15:20,Trader D,CME,BRK.A,Buy,726,726,324564.82
Order_109,2023-11-22 11:16:15,Trader C,NYSE,TSLA,Buy,344,344,691.62
Order_768,2023-11-22 11:16:20,Trader A,NYSE,V,Sell,169,169,203.66
Order_219,2023-11-22 11:17:06,Trader D,LSE,FB,Buy,142,142,198.69
Order_254,2023-11-22 11:17:18,Trader C,CME,TSLA,Sell,645,645,640.04
Order_988,2023-11-22 11:17:52,Trader C,NYSE,AMZN,Buy,300,306,3204.2
Order_341,2023-11-22 11:18:33,Trader B,NYSE,AAPL,Sell,438,438,157.38
Order_460,2023-11-22 11:19:59,Trader A,CME,BRK.A,Buy,618,618,373124.3
Order_212,2023-11-22 11:21:37,Trader A,NASDAQ,AMZN,Buy,565,565,3328.03
Order_911,2023-11-22 11:21:54,Trader B,CME,JPM,Buy,541,541,120.56
Order_648,2023-11-22 11:21:59,Trader B,CME,V,Sell,681,681,190.79
Order_583,2023-11-22 11:22:11,Trader C,LSE,V,Buy,455,455,222.23
Order_424,2023-11-22 11:23:00,Trader C,LSE,GOOGL,Buy,490,490,2609.44
Order_712,2023-11-22 11:23:08,Trader C,NYSE,BRK.A,Sell,972,972,366076.74
Order_197,2023-11-22 11:23:13,Trader B,CME,AMZN,Sell,449,449,2975.61
Order_272,2023-11-22 11:23:39,Trader B,NYSE,FB,Buy,411,411,199.55
Order_489,2023-11-22 11:24:36,Trader C,NYSE,TSLA,Buy,311,311,737.4
Order_965,2023-11-22 11:25:21,Trader B,NASDAQ,AAPL,Sell,318,318,143.08
Order_998,2023-11-22 11:25:52,Trader A,LSE,BRK.A,Buy,543,550,374199.02
Order_676,2023-11-22 11:26:18,Trader A,NYSE,V,Buy,460,460,193.61
Order_586,2023-11-22 11:26:53,Trader B,NASDAQ,V,Buy,381,381,203.49
Order_172,2023-11-22 11:27:10,Trader B,NASDAQ,FB,Sell,250,250,192.65
Order_84,2023-11-22 11:27:50,Trader C,CME,BRK.A,Buy,586,586,330857.09
Order_526,2023-11-22 11:28:22,Trader C,LSE,MSFT,Sell,397,397,246.98
Order_629,2023-11-22 11:28:24,Trader C,NYSE,JPM,Buy,945,945,121.18
Order_761,2023-11-22 11:28:35,Trader B,LSE,BRK.A,Sell,575,575,364224.49
Order_143,2023-11-22 11:28:55,Trader B,CME,MSFT,Sell,560,560,259.8
Order_194,2023-11-22 11:29:01,Trader A,CME,MSFT,Sell,470,470,265.56
Order_195,2023-11-22 11:29:07,Trader A,CME,FB,Sell,845,845,188.33
Order_915,2023-11-22 11:30:34,Trader D,NASDAQ,AAPL,Buy,965,965,154.44
Order_62,2023-11-22 11:31:06,Trader A,LSE,GOOGL,Buy,65,65,2702.29
Order_310,2023-11-22 11:32:17,Trader C,LSE,JNJ,Sell,820,820,152.43
Order_198,2023-11-22 11:32:31,Trader A,LSE,JPM,Sell,957,957,135.55
Order_872,2023-11-22 11:33:51,Trader C,LSE,JPM,Sell,228,228,135.76
Order_898,2023-11-22 11:34:22,Trader D,NYSE,GOOGL,Buy,425,425,2503.45
Order_45,2023-11-22 11:35:08,Trader B,CME,JNJ,Sell,908,908,171.58
Order_386,2023-11-22 11:35:26,Trader B,LSE,MSFT,Buy,612,612,264.27
Order_139,2023-11-22 11:36:08,Trader D,LSE,AMZN,Sell,424,424,2977.13
Order_335,2023-11-22 11:38:25,Trader A,NYSE,AAPL,Buy,556,556,160.83
Order_110,2023-11-22 11:38:30,Trader A,NYSE,GOOGL,Sell,234,234,2832.76
Order_894,2023-11-22 11:38:48,Trader B,NASDAQ,JPM,Sell,46,46,122.35
Order_630,2023-11-22 11:39:40,Trader B,LSE,FB,Buy,844,844,188.08
Order_3,2023-11-22 11:39:54,Trader B,NYSE,V,Sell,946,946,219.49
Order_205,2023-11-22 11:40:08,Trader B,CME,V,Sell,567,567,199.08
Order_949,2023-11-22 11:40:54,Trader C,NASDAQ,AAPL,Buy,533,533,143.31
Order_736,2023-11-22 11:40:59,Trader B,NASDAQ,MSFT,Sell,51,51,250.17
Order_850,2023-11-22 11:42:29,Trader A,CME,GOOGL,Buy,426,426,2959.1
Order_140,2023-11-22 11:42:50,Trader D,NASDAQ,JPM,Buy,387,387,127.26
Order_125,2023-11-22 11:43:32,Trader D,NYSE,TSLA,Sell,767,767,742.27
Order_80,2023-11-22 11:44:19,Trader A,NASDAQ,TSLA,Buy,157,157,675.67
Order_658,2023-11-22 11:44:44,Trader A,NASDAQ,AAPL,Buy,80,80,148.79
Order_134,2023-11-22 11:45:34,Trader C,CME,BRK.A,Sell,302,302,376638.36
Order_726,2023-11-22 11:46:36,Trader B,NYSE,JPM,Sell,412,412,139.78
Order_7,2023-11-22 11:46:40,Trader B,NASDAQ,JNJ,Sell,411,411,172.94
Order_516,2023-11-22 11:47:34,Trader A,NASDAQ,AMZN,Sell,676,676,2890.07
Order_181,2023-11-22 11:47:55,Trader A,NASDAQ,JPM,Sell,83,83,121.27
Order_880,2023-11-22 11:48:24,Trader C,CME,AMZN,Buy,493,493,2983.15
Order_501,2023-11-22 11:48:25,Trader D,LSE,AMZN,Buy,894,894,2991.06
Order_616,2023-11-22 11:49:17,Trader C,CME,AAPL,Sell,726,726,144.22
Order_597,2023-11-22 11:49:36,Trader B,NYSE,AMZN,Sell,889,889,2800.41
Order_543,2023-11-22 11:49:42,Trader D,LSE,JNJ,Buy,571,571,155.18
Order_930,2023-11-22 11:50:13,Trader A,NYSE,TSLA,Buy,642,642,738.0
Order_951,2023-11-22 11:50:14,Trader A,LSE,TSLA,Sell,379,379,765.56
Order_980,2023-11-22 11:50:23,Trader A,NASDAQ,JPM,Buy,378,378,141.34
Order_58,2023-11-22 11:51:10,Trader C,NASDAQ,JPM,Sell,222,222,124.51
Order_87,2023-11-22 11:51:56,Trader C,CME,AAPL,Sell,211,211,140.7
Order_536,2023-11-22 11:52:52,Trader B,NASDAQ,FB,Sell,662,662,218.45
Order_465,2023-11-22 11:53:16,Trader A,NYSE,MSFT,Sell,525,525,231.95
Order_441,2023-11-22 11:53:29,Trader C,NYSE,AMZN,Sell,254,254,2894.94
Order_983,2023-11-22 11:53:53,Trader C,LSE,FB,Buy,466,466,194.39
Order_529,2023-11-22 11:54:14,Trader A,NYSE,GOOGL,Sell,402,402,2467.21
Order_756,2023-11-22 11:54:14,Trader C,CME,AAPL,Buy,930,930,154.31
Order_311,2023-11-22 11:54:24,Trader B,NASDAQ,FB,Sell,641,641,194.56
Order_485,2023-11-22 11:55:15,Trader D,NASDAQ,AMZN,Sell,968,968,3292.74
Order_459,2023-11-22 11:55:29,Trader B,NYSE,BRK.A,Buy,664,664,365242.93
Order_186,2023-11-22 11:57:32,Trader D,LSE,MSFT,Buy,220,220,255.99
Order_401,2023-11-22 11:57:50,Trader C,CME,TSLA,Buy,994,994,758.8
Order_443,2023-11-22 11:58:41,Trader C,LSE,JPM,Buy,442,442,130.45
Order_484,2023-11-22 11:58:42,Trader C,LSE,FB,Buy,348,348,202.02
Order_919,2023-11-22 11:58:59,Trader C,LSE,V,Sell,696,696,189.72
Order_732,2023-11-22 11:59:54,Trader D,CME,TSLA,Sell,631,631,650.25
Order_561,2023-11-22 11:59:56,Trader C,CME,MSFT,Buy,657,657,268.48
Order_52,2023-11-22 11:59:57,Trader A,NASDAQ,BRK.A,Sell,863,863,373115.25
Order_845,2023-11-22 12:00:36,Trader A,NYSE,BRK.A,Buy,381,381,377732.47
Order_897,2023-11-22 12:01:29,Trader C,NYSE,AAPL,Sell,153,153,140.91
Order_989,2023-11-22 12:03:18,Trader B,LSE,MSFT,Sell,924,924,254.67
Order_177,2023-11-22 12:03:20,Trader C,NYSE,FB,Sell,816,816,211.58
Order_463,2023-11-22 12:03:27,Trader A,NASDAQ,AMZN,Buy,849,849,3163.68
Order_609,2023-11-22 12:03:45,Trader B,LSE,AMZN,Sell,361,361,3040.13
Order_400,2023-11-22 12:04:10,Trader C,LSE,JNJ,Sell,78,78,172.78
Order_129,2023-11-22 12:04:41,Trader C,NASDAQ,JPM,Sell,143,143,123.33
Order_515,2023-11-22 12:05:08,Trader B,LSE,MSFT,Buy,907,907,249.54
Order_285,2023-11-22 12:05:19,Trader C,NYSE,FB,Sell,791,791,213.84
Order_767,2023-11-22 12:05:25,Trader A,NASDAQ,BRK.A,Buy,17,17,359696.83
Order_417,2023-11-22 12:05:58,Trader B,LSE,AAPL,Sell,113,113,157.63
Order_941,2023-11-22 12:07:25,Trader A,NASDAQ,JNJ,Buy,386,386,157.45
Order_660,2023-11-22 12:07:53,Trader C,NYSE,BRK.A,Buy,293,293,380011.51
Order_891,2023-11-22 12:08:10,Trader D,NYSE,AAPL,Buy,63,63,162.38
Order_717,2023-11-22 12:08:15,Trader C,NASDAQ,BRK.A,Buy,52,52,346277.87
Order_315,2023-11-22 12:10:18,Trader A,LSE,AMZN,Sell,885,885,3258.8
Order_138,2023-11-22 12:10:51,Trader B,NASDAQ,JPM,Sell,947,947,127.27
Order_468,2023-11-22 12:11:00,Trader A,NASDAQ,FB,Sell,244,244,208.44
Order_108,2023-11-22 12:11:26,Trader B,CME,AMZN,Buy,515,515,2930.51
Order_324,2023-11-22 12:12:03,Trader D,CME,MSFT,Sell,107,107,255.82
Order_512,2023-11-22 12:12:24,Trader A,LSE,V,Buy,638,638,213.98
Order_25,2023-11-22 12:13:09,Trader A,LSE,TSLA,Sell,127,127,760.85
Order_910,2023-11-22 12:13:10,Trader C,CME,FB,Buy,855,855,215.58
Order_89,2023-11-22 12:13:49,Trader D,NYSE,FB,Sell,919,919,199.19
Order_533,2023-11-22 12:14:06,Trader A,NYSE,GOOGL,Sell,79,79,2772.96
Order_740,2023-11-22 12:14:25,Trader C,NYSE,V,Sell,795,795,222.23
Order_321,2023-11-22 12:14:36,Trader C,CME,AMZN,Sell,823,823,3105.06
Order_706,2023-11-22 12:14:42,Trader D,NYSE,JPM,Buy,418,418,117.47
Order_352,2023-11-22 12:15:31,Trader C,NASDAQ,V,Buy,512,512,230.56
Order_148,2023-11-22 12:15:59,Trader B,CME,JPM,Sell,598,598,123.0
Order_513,2023-11-22 12:17:39,Trader B,NYSE,BRK.A,Buy,541,541,329443.65
Order_22,2023-11-22 12:18:41,Trader B,NASDAQ,TSLA,Sell,53,53,762.58
Order_69,2023-11-22 12:20:15,Trader C,LSE,FB,Sell,746,746,180.84
Order_522,2023-11-22 12:20:33,Trader C,NYSE,AAPL,Buy,966,966,137.78
Order_718,2023-11-22 12:21:06,Trader A,NASDAQ,BRK.A,Buy,532,532,342505.11
Order_428,2023-11-22 12:21:19,Trader A,NASDAQ,BRK.A,Sell,120,120,377071.56
Order_517,2023-11-22 12:22:00,Trader A,LSE,AMZN,Buy,920,920,3167.58
Order_298,2023-11-22 12:23:10,Trader C,NASDAQ,TSLA,Sell,234,234,750.35
Order_913,2023-11-22 12:23:25,Trader A,NASDAQ,TSLA,Buy,246,246,670.95
Order_610,2023-11-22 12:24:59,Trader B,LSE,FB,Buy,908,908,212.49
Order_201,2023-11-22 12:25:23,Trader D,NYSE,V,Sell,53,53,199.39
Order_106,2023-11-22 12:26:12,Trader D,NYSE,AAPL,Sell,555,555,164.37
Order_593,2023-11-22 12:27:22,Trader B,CME,TSLA,Sell,39,39,758.03
Order_385,2023-11-22 12:28:03,Trader A,NASDAQ,FB,Sell,738,738,180.37
Order_857,2023-11-22 12:28:33,Trader B,LSE,TSLA,Sell,197,197,630.6
Order_991,2023-11-22 12:29:39,Trader B,NYSE,JNJ,Sell,108,72,150.02
Order_102,2023-11-22 12:30:04,Trader C,CME,AAPL,Buy,557,557,139.54
Order_799,2023-11-22 12:30:24,Trader A,NASDAQ,TSLA,Buy,611,611,647.36
Order_250,2023-11-22 12:30:43,Trader A,LSE,AAPL,Sell,425,425,141.83
Order_893,2023-11-22 12:30:59,Trader D,NYSE,V,Buy,31,31,195.5
Order_113,2023-11-22 12:32:14,Trader C,NYSE,TSLA,Buy,221,221,719.66
Order_232,2023-11-22 12:32:16,Trader D,NASDAQ,GOOGL,Sell,223,223,2721.82
Order_944,2023-11-22 12:32:29,Trader B,CME,MSFT,Sell,881,881,271.7
Order_904,2023-11-22 12:32:52,Trader C,NYSE,JNJ,Sell,813,813,174.06
Order_503,2023-11-22 12:34:08,Trader A,CME,JPM,Sell,897,897,120.68
Order_826,2023-11-22 12:34:09,Trader D,NYSE,BRK.A,Buy,607,607,327388.79
Order_334,2023-11-22 12:34:55,Trader C,NYSE,TSLA,Buy,744,744,681.77
Order_875,2023-11-22 12:35:51,Trader D,LSE,JPM,Sell,969,969,136.93
Order_506,2023-11-22 12:35:59,Trader C,NASDAQ,BRK.A,Buy,128,128,348057.11
Order_83,2023-11-22 12:36:48,Trader C,CME,TSLA,Buy,817,817,701.77
Order_226,2023-11-22 12:38:21,Trader D,LSE,JNJ,Buy,26,26,154.01
Order_156,2023-11-22 12:39:13,Trader A,LSE,JNJ,Sell,471,471,154.87
Order_366,2023-11-22 12:39:21,Trader A,NYSE,FB,Sell,157,157,197.07
Order_255,2023-11-22 12:39:25,Trader A,NYSE,MSFT,Sell,442,442,254.45
Order_191,2023-11-22 12:39:46,Trader A,CME,GOOGL,Buy,722,722,2563.29
Order_855,2023-11-22 12:39:57,Trader D,NYSE,GOOGL,Sell,811,811,2959.51
Order_371,2023-11-22 12:40:22,Trader B,CME,JPM,Sell,747,747,133.66
Order_383,2023-11-22 12:40:44,Trader D,LSE,JPM,Sell,461,461,121.83
Order_300,2023-11-22 12:41:00,Trader B,CME,V,Sell,873,873,227.86
Order_899,2023-11-22 12:45:02,Trader D,NYSE,AAPL,Sell,932,932,138.81
Order_728,2023-11-22 12:45:24,Trader D,NASDAQ,AMZN,Sell,385,385,3157.21
Order_305,2023-11-22 12:45:40,Trader B,LSE,JPM,Sell,625,625,128.74
Order_748,2023-11-22 12:46:30,Trader A,CME,TSLA,Buy,785,785,757.57
Order_611,2023-11-22 12:46:38,Trader D,CME,MSFT,Sell,120,120,249.82
Order_678,2023-11-22 12:46:54,Trader A,NYSE,AAPL,Sell,306,306,136.84
Order_482,2023-11-22 12:47:15,Trader D,NASDAQ,MSFT,Buy,56,56,247.41
Order_514,2023-11-22 12:47:29,Trader A,NYSE,TSLA,Buy,969,969,676.86
Order_809,2023-11-22 12:47:30,Trader B,LSE,AMZN,Sell,714,714,3112.68
Order_924,2023-11-22 12:47:53,Trader D,NYSE,TSLA,Buy,86,86,702.75
Order_10,2023-11-22 12:48:20,Trader B,NYSE,BRK.A,Buy,27,27,362720.57
Order_665,2023-11-22 12:48:32,Trader B,CME,AAPL,Sell,592,592,145.51
Order_940,2023-11-22 12:48:39,Trader B,CME,GOOGL,Sell,473,473,2707.9
Order_812,2023-11-22 12:48:53,Trader B,LSE,JNJ,Buy,98,98,161.45
Order_234,2023-11-22 12:48:58,Trader C,CME,BRK.A,Buy,723,723,370598.94
Order_71,2023-11-22 12:49:00,Trader B,NASDAQ,BRK.A,Sell,260,260,366112.0
Order_585,2023-11-22 12:49:04,Trader C,NASDAQ,GOOGL,Sell,841,841,2722.09
Order_879,2023-11-22 12:49:18,Trader B,NASDAQ,AMZN,Buy,556,556,3357.19
Order_747,2023-11-22 12:50:07,Trader C,CME,BRK.A,Buy,754,754,367853.23
Order_374,2023-11-22 12:52:23,Trader C,LSE,BRK.A,Sell,971,971,317128.62
Order_472,2023-11-22 12:53:00,Trader C,LSE,FB,Buy,452,452,208.13
Order_86,2023-11-22 12:54:12,Trader B,LSE,AAPL,Buy,710,710,163.6
Order_760,2023-11-22 12:54:58,Trader A,CME,FB,Buy,695,695,215.09
Order_244,2023-11-22 12:55:15,Trader C,NYSE,JNJ,Buy,831,831,155.56
Order_427,2023-11-22 12:55:16,Trader B,NYSE,AAPL,Sell,802,802,135.65
Order_774,2023-11-22 12:56:08,Trader B,CME,JPM,Buy,112,112,138.33
Order_479,2023-11-22 12:56:48,Trader B,LSE,FB,Sell,659,659,208.1
Order_126,2023-11-22 12:57:31,Trader B,LSE,GOOGL,Sell,141,141,2607.15
Order_249,2023-11-22 12:58:18,Trader C,NYSE,FB,Sell,266,266,207.97
Order_551,2023-11-22 12:58:20,Trader D,LSE,AAPL,Buy,37,37,157.6
Order_961,2023-11-22 12:58:51,Trader C,NYSE,BRK.A,Sell,671,671,345760.5
Order_773,2023-11-22 12:59:14,Trader B,NYSE,MSFT,Buy,703,703,269.21
Order_884,2023-11-22 12:59:25,Trader B,NYSE,BRK.A,Buy,191,191,340663.16
Order_588,2023-11-22 13:00:27,Trader B,NYSE,BRK.A,Buy,727,727,373111.52
Order_476,2023-11-22 13:00:39,Trader B,CME,JPM,Buy,217,217,140.82
Order_119,2023-11-22 13:01:28,Trader C,CME,V,Sell,850,850,204.98
Order_939,2023-11-22 13:02:01,Trader D,CME,AAPL,Buy,956,956,143.23
Order_422,2023-11-22 13:02:36,Trader B,CME,FB,Buy,72,72,199.24
Order_215,2023-11-22 13:03:36,Trader B,NYSE,BRK.A,Sell,960,960,384840.71
Order_256,2023-11-22 13:04:12,Trader D,LSE,MSFT,Buy,620,620,262.95
Order_31,2023-11-22 13:04:42,Trader D,NASDAQ,MSFT,Sell,396,396,262.83
Order_624,2023-11-22 13:04:45,Trader B,NYSE,BRK.A,Buy,223,223,363554.18
Order_403,2023-11-22 13:05:57,Trader A,NYSE,TSLA,Sell,629,629,644.74
Order_380,2023-11-22 13:08:05,Trader C,LSE,MSFT,Buy,918,918,260.72
Order_309,2023-11-22 13:08:17,Trader B,NASDAQ,BRK.A,Sell,761,761,341420.16
Order_569,2023-11-22 13:09:28,Trader B,NASDAQ,BRK.A,Sell,385,385,349214.39
Order_474,2023-11-22 13:10:16,Trader C,NASDAQ,BRK.A,Sell,512,512,331152.0
Order_204,2023-11-22 13:11:04,Trader B,NASDAQ,AMZN,Buy,485,485,3097.59
Order_260,2023-11-22 13:11:06,Trader C,NYSE,JPM,Sell,12,12,120.8
Order_769,2023-11-22 13:12:00,Trader C,NYSE,V,Sell,62,62,205.47
Order_765,2023-11-22 13:14:44,Trader A,NYSE,FB,Sell,373,373,211.12
Order_446,2023-11-22 13:15:29,Trader A,NASDAQ,AAPL,Buy,967,967,152.76
Order_368,2023-11-22 13:15:40,Trader B,CME,JPM,Sell,994,994,137.97
Order_605,2023-11-22 13:16:04,Trader A,CME,V,Sell,660,660,228.58
Order_28,2023-11-22 13:17:12,Trader C,NYSE,JPM,Sell,98,98,137.24
Order_942,2023-11-22 13:20:04,Trader D,LSE,MSFT,Buy,609,609,242.32
Order_992,2023-11-22 13:20:21,Trader C,CME,MSFT,Buy,969,969,228.02
Order_656,2023-11-22 13:20:33,Trader B,NASDAQ,BRK.A,Buy,118,118,315513.4
Order_832,2023-11-22 13:21:46,Trader B,NYSE,BRK.A,Sell,793,793,321446.67
Order_322,2023-11-22 13:21:47,Trader D,NYSE,TSLA,Sell,554,554,675.99
Order_547,2023-11-22 13:23:38,Trader B,CME,TSLA,Sell,223,223,715.97
Order_921,2023-11-22 13:23:40,Trader A,CME,FB,Sell,169,169,209.28
Order_733,2023-11-22 13:23:42,Trader A,LSE,FB,Buy,429,429,208.84
Order_654,2023-11-22 13:23:52,Trader B,CME,GOOGL,Sell,358,358,2845.68
Order_860,2023-11-22 13:24:09,Trader B,CME,V,Sell,349,349,220.55
Order_787,2023-11-22 13:24:29,Trader C,CME,JPM,Sell,996,996,135.12
Order_54,2023-11-22 13:25:04,Trader D,LSE,JNJ,Sell,352,352,167.97
Order_312,2023-11-22 13:25:27,Trader B,CME,AMZN,Sell,611,611,2824.74
Order_557,2023-11-22 13:26:02,Trader B,NASDAQ,V,Sell,950,950,205.0
Order_882,2023-11-22 13:26:31,Trader C,NYSE,GOOGL,Sell,657,657,2755.16
Order_828,2023-11-22 13:26:46,Trader B,CME,JNJ,Sell,834,834,175.85
Order_104,2023-11-22 13:27:22,Trader C,CME,AAPL,Buy,43,43,160.9
Order_661,2023-11-22 13:27:39,Trader D,NYSE,AAPL,Sell,202,202,158.6
Order_544,2023-11-22 13:28:19,Trader C,NYSE,AMZN,Sell,886,886,2957.43
Order_387,2023-11-22 13:28:44,Trader C,NASDAQ,AMZN,Buy,642,642,3240.46
Order_381,2023-11-22 13:30:04,Trader D,CME,TSLA,Sell,430,430,769.31
Order_710,2023-11-22 13:30:14,Trader B,NASDAQ,AMZN,Buy,563,563,3278.62
Order_613,2023-11-22 13:30:49,Trader D,NYSE,FB,Buy,257,257,186.16
Order_343,2023-11-22 13:31:08,Trader C,LSE,JPM,Buy,111,111,119.6
Order_927,2023-11-22 13:31:44,Trader B,NASDAQ,GOOGL,Sell,854,854,2719.91
Order_124,2023-11-22 13:31:51,Trader C,CME,BRK.A,Buy,552,552,376647.17
Order_193,2023-11-22 13:33:22,Trader B,CME,GOOGL,Sell,409,409,2676.13
Order_743,2023-11-22 13:33:43,Trader D,CME,AAPL,Sell,628,628,162.62
Order_36,2023-11-22 13:34:06,Trader A,CME,V,Sell,365,365,193.28
Order_238,2023-11-22 13:34:51,Trader B,NASDAQ,V,Sell,51,51,226.57
Order_144,2023-11-22 13:35:40,Trader C,NASDAQ,TSLA,Buy,874,874,735.29
Order_491,2023-11-22 13:38:17,Trader D,NYSE,V,Sell,206,206,221.26
Order_794,2023-11-22 13:38:21,Trader B,CME,BRK.A,Buy,280,280,358161.73
Order_486,2023-11-22 13:38:31,Trader D,LSE,AMZN,Buy,748,748,2859.15
Order_153,2023-11-22 13:39:43,Trader D,LSE,FB,Buy,424,424,183.35
Order_490,2023-11-22 13:39:50,Trader A,LSE,TSLA,Sell,454,454,642.19
Order_803,2023-11-22 13:42:34,Trader B,NASDAQ,GOOGL,Buy,364,364,2909.19
Order_848,2023-11-22 13:42:41,Trader A,NYSE,V,Sell,141,141,207.77
Order_707,2023-11-22 13:42:48,Trader A,NYSE,BRK.A,Sell,82,82,328512.48
Order_525,2023-11-22 13:43:41,Trader D,NASDAQ,JPM,Sell,238,238,131.59
Order_419,2023-11-22 13:43:51,Trader D,CME,JNJ,Buy,565,565,174.24
Order_359,2023-11-22 13:44:23,Trader D,CME,JPM,Sell,287,287,139.06
Order_945,2023-11-22 13:45:21,Trader C,NYSE,MSFT,Sell,461,461,274.89
Order_145,2023-11-22 13:45:30,Trader C,LSE,MSFT,Sell,131,131,265.18
Order_182,2023-11-22 13:45:38,Trader C,LSE,GOOGL,Sell,930,930,2969.82
Order_806,2023-11-22 13:47:09,Trader A,NYSE,GOOGL,Buy,632,632,2866.68
Order_294,2023-11-22 13:48:03,Trader B,NYSE,TSLA,Buy,66,66,726.02
Order_481,2023-11-22 13:48:27,Trader D,NYSE,FB,Sell,972,972,182.76
Order_448,2023-11-22 13:49:12,Trader D,LSE,AAPL,Buy,962,962,142.4
Order_423,2023-11-22 13:49:12,Trader C,CME,MSFT,Sell,485,485,261.68
Order_830,2023-11-22 13:51:12,Trader C,LSE,BRK.A,Sell,528,528,361814.76
Order_950,2023-11-22 13:52:02,Trader C,LSE,FB,Buy,366,366,180.65
Order_497,2023-11-22 13:52:13,Trader D,NASDAQ,JPM,Sell,879,879,142.26
Order_421,2023-11-22 13:52:45,Trader C,NYSE,AAPL,Buy,18,18,163.5
Order_752,2023-11-22 13:53:54,Trader D,NASDAQ,BRK.A,Sell,814,814,342796.74
Order_88,2023-11-22 13:54:10,Trader D,CME,TSLA,Buy,146,146,725.6
Order_763,2023-11-22 13:55:02,Trader A,LSE,BRK.A,Sell,148,148,322751.07
Order_290,2023-11-22 13:55:07,Trader C,LSE,AAPL,Buy,295,295,162.24
Order_581,2023-11-22 13:55:10,Trader C,NYSE,MSFT,Buy,770,770,243.55
Order_23,2023-11-22 13:55:11,Trader B,NYSE,V,Sell,892,892,224.87
Order_185,2023-11-22 13:55:41,Trader D,NYSE,TSLA,Sell,789,789,658.15
Order_206,2023-11-22 13:55:42,Trader D,NASDAQ,AAPL,Sell,209,209,152.53
Order_379,2023-11-22 13:55:43,Trader C,CME,V,Sell,48,48,202.29
Order_73,2023-11-22 13:56:01,Trader C,NASDAQ,MSFT,Sell,467,467,253.02
Order_573,2023-11-22 13:57:11,Trader C,NYSE,TSLA,Buy,545,545,716.25
Order_647,2023-11-22 13:57:48,Trader D,NASDAQ,AMZN,Sell,849,849,3239.15
Order_192,2023-11-22 13:58:07,Trader D,LSE,BRK.A,Sell,934,934,329535.21
Order_554,2023-11-22 13:58:50,Trader C,LSE,BRK.A,Sell,563,563,363864.59
Order_169,2023-11-22 13:59:09,Trader C,NASDAQ,AAPL,Sell,395,395,164.9
Order_776,2023-11-22 14:01:13,Trader C,NASDAQ,TSLA,Buy,159,159,743.02
Order_975,2023-11-22 14:01:13,Trader A,CME,AAPL,Sell,474,474,153.85
Order_639,2023-11-22 14:01:48,Trader C,CME,TSLA,Buy,269,269,664.88
Order_608,2023-11-22 14:02:08,Trader C,LSE,V,Sell,652,652,191.32
Order_241,2023-11-22 14:02:45,Trader D,LSE,FB,Buy,273,273,209.72
Order_929,2023-11-22 14:02:49,Trader A,NYSE,GOOGL,Sell,771,771,2708.68
Order_430,2023-11-22 14:03:33,Trader B,NYSE,BRK.A,Sell,826,826,380582.63
Order_840,2023-11-22 14:03:52,Trader B,NASDAQ,AAPL,Buy,953,953,150.04
Order_292,2023-11-22 14:03:53,Trader A,LSE,GOOGL,Buy,82,82,2969.08
Order_810,2023-11-22 14:03:56,Trader D,NYSE,V,Sell,308,308,202.22
Order_35,2023-11-22 14:04:09,Trader B,NYSE,AAPL,Sell,725,725,152.19
Order_365,2023-11-22 14:04:15,Trader B,NYSE,FB,Buy,282,282,218.39
Order_685,2023-11-22 14:04:18,Trader D,NASDAQ,AMZN,Buy,284,284,2905.19
Order_528,2023-11-22 14:05:54,Trader A,NYSE,JNJ,Buy,850,850,146.21
Order_520,2023-11-22 14:06:45,Trader B,NASDAQ,JNJ,Sell,132,132,169.05
Order_438,2023-11-22 14:09:18,Trader B,NYSE,FB,Buy,190,190,196.45
Order_824,2023-11-22 14:09:36,Trader C,NASDAQ,TSLA,Sell,889,889,682.17
Order_209,2023-11-22 14:09:36,Trader B,NASDAQ,AAPL,Buy,482,482,161.82
Order_523,2023-11-22 14:09:54,Trader B,NYSE,BRK.A,Buy,947,947,354426.45
Order_222,2023-11-22 14:10:01,Trader C,NASDAQ,JNJ,Sell,659,659,145.19
Order_714,2023-11-22 14:10:13,Trader C,LSE,AAPL,Buy,958,958,142.98
Order_68,2023-11-22 14:10:28,Trader A,CME,V,Sell,719,719,226.69
Order_690,2023-11-22 14:10:54,Trader B,LSE,MSFT,Sell,568,568,262.72
Order_462,2023-11-22 14:10:59,Trader D,NYSE,TSLA,Buy,169,169,684.73
Order_606,2023-11-22 14:12:27,Trader D,CME,JPM,Sell,491,491,125.97
Order_938,2023-11-22 14:12:51,Trader D,NASDAQ,JNJ,Sell,712,712,159.12
Order_15,2023-11-22 14:14:28,Trader D,NASDAQ,TSLA,Buy,784,784,736.0
Order_628,2023-11-22 14:14:40,Trader B,CME,GOOGL,Sell,186,186,2842.79
Order_404,2023-11-22 14:14:44,Trader B,CME,TSLA,Sell,556,556,739.27
Order_263,2023-11-22 14:15:56,Trader A,LSE,JNJ,Sell,97,97,161.1
Order_549,2023-11-22 14:15:59,Trader A,NASDAQ,BRK.A,Buy,112,112,373265.0
Order_107,2023-11-22 14:16:50,Trader D,CME,AMZN,Sell,983,983,3228.77
Order_560,2023-11-22 14:17:09,Trader A,NYSE,TSLA,Buy,110,110,684.56
Order_452,2023-11-22 14:18:39,Trader D,NASDAQ,GOOGL,Sell,658,658,2591.65
Order_59,2023-11-22 14:18:52,Trader B,CME,TSLA,Buy,766,766,686.42
Order_61,2023-11-22 14:21:06,Trader D,CME,AAPL,Sell,625,625,160.19
Order_483,2023-11-22 14:21:22,Trader C,LSE,TSLA,Buy,288,288,654.13
Order_314,2023-11-22 14:21:36,Trader A,LSE,JPM,Sell,787,787,128.04
Order_556,2023-11-22 14:22:01,Trader C,CME,V,Buy,375,375,221.51
Order_775,2023-11-22 14:22:34,Trader B,LSE,TSLA,Buy,870,870,683.19
Order_116,2023-11-22 14:22:47,Trader C,NASDAQ,MSFT,Sell,897,897,226.15
Order_456,2023-11-22 14:23:30,Trader D,NYSE,GOOGL,Sell,82,82,2452.44
Order_766,2023-11-22 14:23:54,Trader D,NASDAQ,MSFT,Sell,396,396,240.36
Order_14,2023-11-22 14:24:30,Trader C,CME,MSFT,Sell,549,549,231.66
Order_622,2023-11-22 14:24:46,Trader C,CME,BRK.A,Buy,497,497,382056.88
Order_984,2023-11-22 14:24:53,Trader D,CME,GOOGL,Sell,778,778,2507.12
Order_225,2023-11-22 14:25:16,Trader D,CME,AMZN,Buy,815,815,3082.24
Order_364,2023-11-22 14:26:10,Trader A,NYSE,AMZN,Sell,381,381,3238.76
Order_519,2023-11-22 14:26:23,Trader A,LSE,AAPL,Sell,143,143,159.06
Order_653,2023-11-22 14:26:29,Trader A,NYSE,TSLA,Sell,202,202,633.11
Order_691,2023-11-22 14:26:32,Trader C,LSE,JNJ,Sell,153,153,151.12
Order_82,2023-11-22 14:27:20,Trader B,CME,MSFT,Buy,943,943,240.75
Order_607,2023-11-22 14:28:16,Trader D,NYSE,JPM,Sell,848,848,126.87
Order_970,2023-11-22 14:28:22,Trader A,LSE,AAPL,Sell,338,338,150.66
Order_969,2023-11-22 14:31:44,Trader C,LSE,JNJ,Buy,804,804,174.2
Order_507,2023-11-22 14:33:10,Trader B,NASDAQ,GOOGL,Buy,519,519,2779.93
Order_504,2023-11-22 14:34:51,Trader D,LSE,JNJ,Sell,166,166,153.25
Order_224,2023-11-22 14:34:57,Trader C,NYSE,JNJ,Buy,966,966,167.9
Order_883,2023-11-22 14:36:29,Trader C,NASDAQ,BRK.A,Sell,882,882,362965.73
Order_541,2023-11-22 14:38:05,Trader A,CME,AAPL,Sell,797,797,156.42
Order_464,2023-11-22 14:38:58,Trader D,CME,JNJ,Buy,294,294,154.86
Order_79,2023-11-22 14:39:07,Trader C,NYSE,TSLA,Buy,941,941,727.44
Order_67,2023-11-22 14:39:29,Trader C,NYSE,JNJ,Sell,155,155,148.12
Order_268,2023-11-22 14:41:13,Trader D,CME,FB,Sell,911,911,212.36
Order_829,2023-11-22 14:41:57,Trader A,CME,TSLA,Sell,21,21,640.01
Order_100,2023-11-22 14:42:31,Trader A,NYSE,GOOGL,Sell,752,752,2596.01
Order_239,2023-11-22 14:43:52,Trader A,LSE,AAPL,Buy,390,390,147.89
Order_414,2023-11-22 14:44:05,Trader A,NASDAQ,AMZN,Buy,549,549,2936.05
Order_274,2023-11-22 14:44:20,Trader C,NASDAQ,AAPL,Sell,518,518,141.32
Order_94,2023-11-22 14:44:35,Trader B,NYSE,TSLA,Sell,778,778,670.67
Order_987,2023-11-22 14:44:35,Trader B,CME,FB,Buy,345,345,191.98
Order_220,2023-11-22 14:44:44,Trader A,NYSE,AAPL,Sell,965,965,151.28
Order_307,2023-11-22 14:45:13,Trader C,NASDAQ,FB,Sell,68,68,191.72
Order_888,2023-11-22 14:45:43,Trader D,NYSE,MSFT,Buy,390,390,261.33
Order_402,2023-11-22 14:46:07,Trader A,CME,AAPL,Buy,869,869,151.6
Order_319,2023-11-22 14:46:45,Trader A,LSE,JPM,Sell,561,561,140.14
Order_27,2023-11-22 14:48:23,Trader A,LSE,FB,Sell,610,610,197.74
Order_976,2023-11-22 14:49:08,Trader A,NYSE,AAPL,Buy,247,247,164.59
Order_326,2023-11-22 14:51:07,Trader D,NASDAQ,BRK.A,Buy,823,823,383225.06
Order_373,2023-11-22 14:51:27,Trader D,NASDAQ,JPM,Sell,313,313,138.72
Order_591,2023-11-22 14:53:52,Trader C,LSE,JPM,Sell,777,777,128.21
Order_77,2023-11-22 14:54:38,Trader C,LSE,GOOGL,Sell,234,234,2735.03
Order_595,2023-11-22 14:55:41,Trader B,LSE,JPM,Sell,459,459,132.0
Order_738,2023-11-22 14:56:18,Trader C,NYSE,AMZN,Buy,525,525,2982.98
Order_327,2023-11-22 14:58:58,Trader B,LSE,TSLA,Buy,312,312,748.71
Order_405,2023-11-22 14:59:38,Trader C,NASDAQ,JPM,Sell,163,163,124.78
Order_136,2023-11-22 14:59:51,Trader C,CME,AAPL,Buy,26,26,150.0
Order_923,2023-11-22 15:00:46,Trader B,CME,TSLA,Sell,898,898,689.2
Order_963,2023-11-22 15:01:30,Trader A,LSE,MSFT,Buy,33,33,234.03
Order_337,2023-11-22 15:01:37,Trader D,CME,JPM,Buy,426,426,142.19
Order_962,2023-11-22 15:01:37,Trader A,NYSE,MSFT,Sell,762,762,235.75
Order_150,2023-11-22 15:01:41,Trader A,LSE,AAPL,Buy,444,444,138.27
Order_638,2023-11-22 15:01:51,Trader B,LSE,GOOGL,Buy,757,757,2620.06
Order_53,2023-11-22 15:02:13,Trader D,CME,MSFT,Buy,30,30,258.57
Order_578,2023-11-22 15:02:53,Trader B,NYSE,MSFT,Sell,413,413,227.43
Order_398,2023-11-22 15:03:59,Trader A,LSE,JPM,Buy,948,948,140.97
Order_836,2023-11-22 15:04:06,Trader B,NYSE,TSLA,Sell,358,358,665.05
Order_16,2023-11-22 15:04:26,Trader A,LSE,JPM,Sell,396,396,127.47
Order_135,2023-11-22 15:05:09,Trader C,LSE,V,Sell,893,893,225.83
Order_413,2023-11-22 15:05:20,Trader A,NASDAQ,MSFT,Sell,416,416,249.83
Order_871,2023-11-22 15:05:22,Trader C,LSE,V,Sell,902,902,206.48
Order_715,2023-11-22 15:05:26,Trader A,NASDAQ,AAPL,Sell,379,379,157.19
Order_155,2023-11-22 15:05:44,Trader A,CME,TSLA,Sell,646,646,644.69
Order_580,2023-11-22 15:06:02,Trader B,NYSE,TSLA,Buy,864,864,662.5
Order_13,2023-11-22 15:06:02,Trader D,NASDAQ,FB,Sell,207,207,202.17
Order_890,2023-11-22 15:06:15,Trader B,NASDAQ,BRK.A,Sell,376,376,371630.01
Order_273,2023-11-22 15:06:37,Trader C,LSE,V,Sell,418,418,212.33
Order_646,2023-11-22 15:06:57,Trader D,LSE,BRK.A,Buy,913,913,352807.06
Order_562,2023-11-22 15:07:06,Trader C,LSE,AAPL,Buy,123,123,163.52
Order_175,2023-11-22 15:07:13,Trader B,NYSE,FB,Sell,235,235,218.91
Order_29,2023-11-22 15:07:14,Trader D,NYSE,FB,Sell,279,279,219.76
Order_164,2023-11-22 15:07:40,Trader C,CME,JNJ,Sell,519,519,175.87
Order_399,2023-11-22 15:07:50,Trader A,NYSE,BRK.A,Buy,751,751,357661.92
Order_12,2023-11-22 15:09:02,Trader B,NASDAQ,TSLA,Sell,32,32,724.35
Order_325,2023-11-22 15:09:17,Trader D,CME,GOOGL,Buy,785,785,2782.91
Order_625,2023-11-22 15:10:17,Trader D,NASDAQ,MSFT,Buy,757,757,237.99
Order_112,2023-11-22 15:12:09,Trader A,CME,AAPL,Buy,107,107,141.77
Order_682,2023-11-22 15:12:34,Trader B,CME,BRK.A,Sell,279,279,315879.96
Order_202,2023-11-22 15:12:43,Trader D,LSE,GOOGL,Buy,338,338,2785.02
Order_863,2023-11-22 15:13:37,Trader C,LSE,AAPL,Sell,855,855,135.54
Order_39,2023-11-22 15:14:10,Trader D,NYSE,BRK.A,Buy,495,495,378030.42
Order_65,2023-11-22 15:14:21,Trader A,NYSE,FB,Sell,128,128,187.62
Order_64,2023-11-22 15:15:40,Trader C,NASDAQ,GOOGL,Sell,504,504,2689.87
Order_167,2023-11-22 15:16:16,Trader C,NYSE,FB,Sell,269,269,189.29
Order_572,2023-11-22 15:18:31,Trader B,CME,AMZN,Sell,38,38,3391.94
Order_908,2023-11-22 15:18:53,Trader B,NASDAQ,JPM,Buy,172,172,138.66
Order_655,2023-11-22 15:19:01,Trader A,LSE,AAPL,Sell,360,360,154.75
Order_746,2023-11-22 15:19:07,Trader B,CME,V,Buy,553,553,225.23
Order_764,2023-11-22 15:19:37,Trader B,CME,AMZN,Buy,626,626,2802.24
Order_555,2023-11-22 15:19:37,Trader C,CME,V,Sell,350,350,228.73
Order_693,2023-11-22 15:20:39,Trader D,NASDAQ,TSLA,Sell,217,217,684.38
Order_218,2023-11-22 15:21:53,Trader C,NASDAQ,GOOGL,Buy,698,698,2958.6
Order_966,2023-11-22 15:22:55,Trader D,NYSE,JNJ,Sell,170,170,154.11
Order_158,2023-11-22 15:22:58,Trader A,NYSE,AMZN,Buy,620,620,2925.18
Order_571,2023-11-22 15:23:17,Trader A,LSE,MSFT,Buy,829,829,237.26
Order_416,2023-11-22 15:23:20,Trader A,NYSE,JPM,Sell,902,902,132.99
Order_933,2023-11-22 15:23:46,Trader C,NASDAQ,JPM,Sell,798,798,118.31
Order_922,2023-11-22 15:26:50,Trader C,CME,FB,Buy,956,956,209.22
Order_133,2023-11-22 15:27:07,Trader C,CME,BRK.A,Buy,624,624,328830.62
Order_621,2023-11-22 15:27:09,Trader A,NASDAQ,V,Sell,892,892,204.16
Order_426,2023-11-22 15:27:19,Trader D,NYSE,BRK.A,Buy,873,873,347696.21
Order_907,2023-11-22 15:29:20,Trader A,NYSE,FB,Sell,971,971,195.15
Order_466,2023-11-22 15:29:23,Trader A,NASDAQ,MSFT,Buy,285,285,259.96
Order_50,2023-11-22 15:30:13,Trader B,CME,AAPL,Sell,968,968,148.95
Order_348,2023-11-22 15:30:30,Trader A,LSE,JPM,Sell,77,77,128.7
Order_407,2023-11-22 15:30:38,Trader B,LSE,JPM,Buy,892,892,121.34
Order_854,2023-11-22 15:30:42,Trader B,LSE,AAPL,Buy,268,268,142.69
Order_363,2023-11-22 15:31:37,Trader B,CME,AMZN,Sell,150,150,3216.48
Order_282,2023-11-22 15:32:40,Trader D,LSE,V,Sell,713,713,215.11
Order_442,2023-11-22 15:32:49,Trader D,NYSE,GOOGL,Buy,382,382,2794.98
Order_790,2023-11-22 15:34:19,Trader B,NYSE,JNJ,Sell,925,925,151.78
Order_217,2023-11-22 15:34:28,Trader D,LSE,TSLA,Sell,245,245,759.84
Order_705,2023-11-22 15:34:39,Trader D,LSE,MSFT,Sell,873,873,228.33
Order_896,2023-11-22 15:35:11,Trader C,CME,V,Sell,337,337,197.12
Order_187,2023-11-22 15:37:03,Trader A,LSE,FB,Buy,809,809,204.36
Order_266,2023-11-22 15:37:05,Trader B,NYSE,AMZN,Sell,172,172,3222.9
Order_123,2023-11-22 15:37:21,Trader D,NYSE,AAPL,Buy,206,206,149.93
Order_200,2023-11-22 15:38:35,Trader B,CME,JNJ,Buy,649,649,145.53
Order_323,2023-11-22 15:38:42,Trader A,LSE,TSLA,Sell,209,209,667.59
Order_196,2023-11-22 15:40:24,Trader C,LSE,AAPL,Buy,230,230,145.22
Order_344,2023-11-22 15:41:39,Trader A,CME,MSFT,Sell,189,189,254.54
Order_72,2023-11-22 15:42:04,Trader B,CME,BRK.A,Buy,129,129,331864.33
Order_895,2023-11-22 15:42:27,Trader B,NYSE,JPM,Sell,630,630,132.41
Order_184,2023-11-22 15:42:34,Trader B,NYSE,TSLA,Buy,660,660,742.86
Order_287,2023-11-22 15:43:29,Trader D,CME,TSLA,Sell,875,875,699.43
Order_511,2023-11-22 15:43:36,Trader C,NYSE,AAPL,Sell,579,579,138.49
Order_508,2023-11-22 15:43:41,Trader A,NASDAQ,AAPL,Buy,355,355,137.51
Order_388,2023-11-22 15:43:57,Trader B,CME,JPM,Sell,512,512,134.57
Order_786,2023-11-22 15:44:03,Trader B,NASDAQ,JPM,Sell,282,282,142.68
Order_24,2023-11-22 15:44:04,Trader B,NASDAQ,V,Sell,797,797,218.32
Order_30,2023-11-22 15:44:28,Trader C,CME,AAPL,Sell,414,414,163.33
Order_539,2023-11-22 15:44:34,Trader D,NYSE,JNJ,Sell,241,241,163.84
Order_567,2023-11-22 15:44:51,Trader A,CME,BRK.A,Buy,591,591,340387.29
Order_524,2023-11-22 15:45:05,Trader B,CME,MSFT,Buy,677,677,229.74
Order_38,2023-11-22 15:45:46,Trader D,NYSE,JPM,Buy,602,602,128.31
Order_780,2023-11-22 15:46:27,Trader C,NASDAQ,BRK.A,Buy,955,955,320263.18
Order_782,2023-11-22 15:46:37,Trader C,NYSE,V,Sell,319,319,216.16
Order_370,2023-11-22 15:46:57,Trader C,NYSE,FB,Buy,817,817,184.78
Order_33,2023-11-22 15:47:58,Trader C,NYSE,MSFT,Sell,808,808,232.18
Order_111,2023-11-22 15:48:30,Trader B,NASDAQ,TSLA,Buy,407,407,724.81
Order_584,2023-11-22 15:48:39,Trader C,LSE,V,Sell,873,873,198.17
Order_711,2023-11-22 15:49:42,Trader C,NYSE,V,Sell,869,869,212.15
Order_999,2023-11-22 15:49:44,Trader B,NASDAQ,JPM,Buy,363,363,120.2
Order_802,2023-11-22 15:49:54,Trader C,NASDAQ,FB,Sell,974,974,219.67
Order_480,2023-11-22 15:51:51,Trader B,LSE,JNJ,Sell,419,419,175.85
Order_993,2023-11-22 15:52:24,Trader A,NYSE,V,Sell,157,47,202.9
Order_118,2023-11-22 15:53:14,Trader C,LSE,AMZN,Buy,449,449,2839.27
Order_822,2023-11-22 15:53:16,Trader A,CME,JNJ,Sell,136,136,156.56
Order_269,2023-11-22 15:53:17,Trader D,NASDAQ,FB,Buy,255,255,214.87
Order_589,2023-11-22 15:53:40,Trader A,LSE,V,Buy,869,869,207.16
Order_211,2023-11-22 15:53:47,Trader D,LSE,FB,Buy,846,846,205.17
Order_2,2023-11-22 15:54:11,Trader D,NASDAQ,JNJ,Buy,369,369,158.13
Order_78,2023-11-22 15:54:53,Trader C,NYSE,GOOGL,Buy,86,86,2591.71
Order_48,2023-11-22 15:56:39,Trader C,CME,BRK.A,Sell,610,610,316814.36
Order_188,2023-11-22 15:57:54,Trader B,NASDAQ,BRK.A,Sell,482,482,322144.62
Order_332,2023-11-22 15:59:03,Trader A,NASDAQ,AAPL,Sell,647,647,144.6
Order_739,2023-11-22 15:59:52,Trader C,CME,TSLA,Buy,35,35,753.63
Order_797,2023-11-22 16:00:11,Trader B,CME,FB,Buy,580,580,180.29
Order_952,2023-11-22 16:01:57,Trader A,CME,JNJ,Buy,415,415,151.41
Order_599,2023-11-22 16:01:58,Trader B,NASDAQ,TSLA,Buy,361,361,670.23
Order_868,2023-11-22 16:03:30,Trader C,NASDAQ,BRK.A,Buy,605,605,346221.57
Order_297,2023-11-22 16:03:48,Trader B,CME,GOOGL,Sell,473,473,2502.28
Order_553,2023-11-22 16:04:00,Trader B,NASDAQ,MSFT,Sell,595,595,249.83
Order_76,2023-11-22 16:04:06,Trader A,CME,GOOGL,Buy,341,341,2638.04
Order_683,2023-11-22 16:04:23,Trader B,CME,AMZN,Buy,78,78,2819.82
Order_721,2023-11-22 16:04:37,Trader D,NASDAQ,BRK.A,Buy,638,638,382580.8
Order_530,2023-11-22 16:04:38,Trader D,NYSE,FB,Sell,170,170,217.27
Order_81,2023-11-22 16:05:12,Trader C,CME,V,Sell,797,797,191.64
Order_252,2023-11-22 16:05:26,Trader B,NASDAQ,BRK.A,Sell,52,52,350302.71
Order_535,2023-11-22 16:05:36,Trader C,CME,FB,Buy,124,124,196.72
Order_392,2023-11-22 16:06:15,Trader D,CME,MSFT,Buy,202,202,252.19
Order_745,2023-11-22 16:06:59,Trader A,NASDAQ,V,Buy,353,353,212.79
Order_575,2023-11-22 16:07:52,Trader C,NASDAQ,AAPL,Buy,227,227,139.22
Order_93,2023-11-22 16:08:32,Trader B,CME,FB,Buy,607,607,186.55
Order_867,2023-11-22 16:08:47,Trader B,CME,MSFT,Buy,123,123,234.71
Order_847,2023-11-22 16:09:45,Trader C,CME,JPM,Buy,395,395,139.76
Order_688,2023-11-22 16:09:46,Trader D,CME,MSFT,Buy,149,149,230.6
Order_833,2023-11-22 16:10:43,Trader A,NYSE,TSLA,Sell,369,369,720.56
Order_889,2023-11-22 16:10:43,Trader B,NASDAQ,AMZN,Buy,485,485,2811.24
Order_912,2023-11-22 16:11:20,Trader C,LSE,MSFT,Buy,828,828,228.6
Order_458,2023-11-22 16:11:36,Trader A,NYSE,TSLA,Sell,159,159,741.65
Order_737,2023-11-22 16:12:43,Trader D,LSE,AAPL,Buy,29,29,163.47
Order_26,2023-11-22 16:12:49,Trader D,NASDAQ,JPM,Buy,188,188,122.76
Order_498,2023-11-22 16:13:08,Trader A,NYSE,JNJ,Buy,571,571,172.11
Order_183,2023-11-22 16:13:17,Trader A,NASDAQ,GOOGL,Sell,433,433,2825.29
Order_384,2023-11-22 16:13:43,Trader D,NASDAQ,BRK.A,Buy,494,494,331752.92
Order_411,2023-11-22 16:14:09,Trader B,NYSE,JPM,Buy,633,633,126.34
Order_329,2023-11-22 16:14:23,Trader C,LSE,AAPL,Sell,881,881,141.92
Order_299,2023-11-22 16:16:06,Trader C,LSE,BRK.A,Buy,549,549,337886.49
Order_18,2023-11-22 16:16:28,Trader A,NYSE,TSLA,Sell,51,51,711.57
Order_623,2023-11-22 16:16:57,Trader D,NYSE,V,Sell,41,41,218.37
Order_631,2023-11-22 16:17:28,Trader A,LSE,AAPL,Sell,97,97,152.28
Order_977,2023-11-22 16:17:53,Trader A,LSE,GOOGL,Sell,134,134,2739.67
Order_701,2023-11-22 16:21:00,Trader D,NYSE,V,Sell,527,527,209.67
Order_176,2023-11-22 16:21:25,Trader A,LSE,MSFT,Buy,937,937,245.07
Order_681,2023-11-22 16:24:09,Trader A,LSE,V,Sell,655,655,202.14
Order_281,2023-11-22 16:24:23,Trader A,NYSE,MSFT,Sell,347,347,233.19
Order_128,2023-11-22 16:24:37,Trader D,LSE,V,Buy,476,476,212.25
Order_825,2023-11-22 16:25:44,Trader C,LSE,GOOGL,Buy,551,551,2468.91
Order_601,2023-11-22 16:25:51,Trader D,NYSE,AMZN,Buy,170,170,3182.4
Order_258,2023-11-22 16:25:57,Trader C,NASDAQ,MSFT,Sell,23,23,265.55
Order_916,2023-11-22 16:27:16,Trader B,CME,V,Buy,768,768,210.24
Order_488,2023-11-22 16:27:31,Trader D,LSE,GOOGL,Buy,880,880,2494.18
Order_395,2023-11-22 16:28:32,Trader B,LSE,V,Buy,613,613,192.13
Order_203,2023-11-22 16:29:17,Trader D,CME,MSFT,Buy,911,911,227.47
Order_842,2023-11-22 16:29:57,Trader A,LSE,TSLA,Sell,917,917,746.84
Order_470,2023-11-22 16:30:56,Trader A,NASDAQ,MSFT,Buy,543,543,273.49
Order_157,2023-11-22 16:31:08,Trader B,NASDAQ,AMZN,Sell,552,552,3342.37
Order_44,2023-11-22 16:31:23,Trader B,LSE,JPM,Buy,634,634,121.66
Order_74,2023-11-22 16:32:10,Trader D,CME,BRK.A,Buy,41,41,377577.61
Order_296,2023-11-22 16:32:15,Trader D,NASDAQ,TSLA,Sell,386,386,720.02
Order_444,2023-11-22 16:33:03,Trader C,NYSE,FB,Sell,28,28,214.34
Order_20,2023-11-22 16:33:18,Trader B,NASDAQ,FB,Buy,982,982,182.89
Order_189,2023-11-22 16:34:04,Trader C,NASDAQ,AMZN,Buy,773,773,2892.62
Order_40,2023-11-22 16:34:14,Trader A,CME,TSLA,Sell,261,261,759.63
Order_817,2023-11-22 16:34:46,Trader B,LSE,MSFT,Sell,843,843,271.64
Order_210,2023-11-22 16:34:47,Trader B,LSE,GOOGL,Buy,10,10,2732.55
Order_313,2023-11-22 16:34:55,Trader C,CME,JPM,Sell,263,263,128.78
Order_542,2023-11-22 16:35:19,Trader B,LSE,TSLA,Sell,419,419,651.53
Order_229,2023-11-22 16:36:20,Trader D,LSE,JNJ,Sell,541,541,151.67
Order_758,2023-11-22 16:38:19,Trader C,NYSE,JNJ,Sell,612,612,149.02
Order_246,2023-11-22 16:39:04,Trader B,CME,JNJ,Buy,424,424,159.91
Order_851,2023-11-22 16:40:06,Trader D,CME,AAPL,Sell,295,295,147.32
Order_450,2023-11-22 16:41:32,Trader C,CME,GOOGL,Sell,971,971,2707.39
Order_49,2023-11-22 16:41:34,Trader D,CME,AAPL,Buy,700,700,161.68
Order_994,2023-11-22 16:41:43,Trader D,NASDAQ,AAPL,Buy,991,176,154.15
Order_934,2023-11-22 16:41:54,Trader C,NYSE,JNJ,Sell,573,573,150.23
Order_34,2023-11-22 16:42:12,Trader B,LSE,JNJ,Sell,326,326,159.14
Order_330,2023-11-22 16:42:57,Trader B,NYSE,BRK.A,Buy,718,718,350979.34
Order_925,2023-11-22 16:43:42,Trader C,NASDAQ,BRK.A,Sell,118,118,347306.93
Order_722,2023-11-22 16:44:11,Trader A,NYSE,V,Sell,773,773,217.2
Order_720,2023-11-22 16:45:50,Trader C,CME,AMZN,Buy,770,770,3303.05
Order_453,2023-11-22 16:46:37,Trader D,NYSE,AAPL,Buy,616,616,138.74
Order_70,2023-11-22 16:47:57,Trader B,LSE,AMZN,Buy,212,212,3405.41
Order_350,2023-11-22 16:48:52,Trader C,NASDAQ,BRK.A,Buy,650,650,357408.65
Order_43,2023-11-22 16:48:54,Trader A,NASDAQ,AAPL,Sell,967,967,144.07
Order_603,2023-11-22 16:49:19,Trader D,CME,GOOGL,Sell,367,367,2595.49
Order_675,2023-11-22 16:49:22,Trader C,CME,AAPL,Sell,814,814,145.47
Order_475,2023-11-22 16:50:52,Trader C,NASDAQ,GOOGL,Buy,920,920,2497.97
Order_358,2023-11-22 16:51:00,Trader C,CME,FB,Sell,396,396,183.97
Order_276,2023-11-22 16:51:31,Trader B,LSE,V,Sell,714,714,217.01
Order_821,2023-11-22 16:51:54,Trader A,LSE,AMZN,Sell,361,361,3326.97
Order_115,2023-11-22 16:52:44,Trader A,CME,JNJ,Sell,626,626,170.0
Order_141,2023-11-22 16:52:58,Trader D,LSE,AMZN,Sell,121,121,3072.0
Order_41,2023-11-22 16:53:34,Trader A,NYSE,TSLA,Sell,845,845,737.63
Order_331,2023-11-22 16:53:37,Trader B,LSE,AAPL,Sell,576,576,136.2
Order_614,2023-11-22 16:54:09,Trader A,LSE,TSLA,Sell,475,475,644.72
Order_932,2023-11-22 16:54:45,Trader B,NASDAQ,TSLA,Sell,44,44,766.89
Order_492,2023-11-22 16:55:38,Trader C,CME,JPM,Sell,120,120,126.1
Order_351,2023-11-22 16:57:37,Trader D,CME,GOOGL,Buy,932,932,2613.37
Order_903,2023-11-22 16:58:24,Trader C,NASDAQ,V,Sell,834,834,195.36
Order_559,2023-11-22 16:58:29,Trader B,NASDAQ,BRK.A,Sell,127,127,356356.8
Order_757,2023-11-22 16:59:08,Trader C,NYSE,JPM,Sell,697,697,135.7
Order_336,2023-11-22 16:59:24,Trader C,CME,TSLA,Buy,389,389,644.86
Order_257,2023-11-22 16:59:55,Trader C,LSE,AAPL,Buy,845,845,154.04
Order_964,2023-11-22 17:01:00,Trader A,NYSE,BRK.A,Sell,966,966,379860.85
Order_75,2023-11-22 17:01:00,Trader A,LSE,TSLA,Sell,723,723,678.09
Order_540,2023-11-22 17:01:39,Trader D,LSE,GOOGL,Sell,420,420,2791.09
Order_208,2023-11-22 17:01:45,Trader B,CME,V,Sell,569,569,221.38
Order_121,2023-11-22 17:02:10,Trader A,LSE,GOOGL,Sell,504,504,2484.53
Order_789,2023-11-22 17:02:12,Trader C,CME,MSFT,Buy,993,993,260.24
Order_702,2023-11-22 17:03:02,Trader B,LSE,BRK.A,Buy,689,689,349748.74
Order_163,2023-11-22 17:03:07,Trader D,NYSE,AAPL,Sell,259,259,141.9
Order_668,2023-11-22 17:03:43,Trader B,CME,JNJ,Buy,485,485,145.61
Order_869,2023-11-22 17:06:09,Trader B,CME,JPM,Buy,260,260,136.54
Order_750,2023-11-22 17:06:57,Trader B,NYSE,AMZN,Sell,575,575,3361.62
Order_727,2023-11-22 17:07:18,Trader A,NYSE,FB,Buy,827,827,219.17
Order_617,2023-11-22 17:07:23,Trader B,NYSE,BRK.A,Sell,633,633,317623.78
Order_979,2023-11-22 17:07:28,Trader B,CME,JNJ,Buy,471,471,152.12
Order_161,2023-11-22 17:07:38,Trader A,NASDAQ,JNJ,Sell,512,512,155.31
Order_577,2023-11-22 17:07:46,Trader A,NASDAQ,MSFT,Buy,40,40,246.57
Order_582,2023-11-22 17:08:12,Trader D,LSE,JNJ,Buy,361,361,164.34
Order_342,2023-11-22 17:08:25,Trader B,NASDAQ,BRK.A,Sell,718,718,384697.37
Order_291,2023-11-22 17:08:53,Trader D,CME,TSLA,Buy,922,922,707.96
Order_293,2023-11-22 17:10:14,Trader C,NASDAQ,AMZN,Sell,178,178,2811.94
Order_744,2023-11-22 17:12:03,Trader B,NASDAQ,JNJ,Sell,302,302,150.6
Order_974,2023-11-22 17:13:40,Trader B,LSE,GOOGL,Sell,850,850,2606.41
Order_576,2023-11-22 17:13:56,Trader A,CME,TSLA,Sell,762,762,728.8
Order_502,2023-11-22 17:15:22,Trader A,CME,JPM,Buy,266,266,137.48
Order_972,2023-11-22 17:16:19,Trader B,CME,TSLA,Buy,423,423,766.27
Order_412,2023-11-22 17:17:35,Trader A,NYSE,JNJ,Sell,154,154,170.66
Order_900,2023-11-22 17:19:07,Trader B,NYSE,TSLA,Sell,79,79,750.87
Order_859,2023-11-22 17:20:36,Trader C,CME,MSFT,Sell,318,318,241.61
Order_247,2023-11-22 17:21:01,Trader B,LSE,JNJ,Buy,805,805,168.63
Order_781,2023-11-22 17:21:09,Trader A,CME,FB,Sell,802,802,212.09
Order_160,2023-11-22 17:21:40,Trader D,CME,MSFT,Sell,266,266,247.92
Order_445,2023-11-22 17:23:05,Trader B,NASDAQ,GOOGL,Sell,972,972,2575.38
Order_283,2023-11-22 17:23:43,Trader B,LSE,AMZN,Sell,148,148,3103.94
Order_95,2023-11-22 17:23:55,Trader A,LSE,AAPL,Buy,128,128,163.76
Order_943,2023-11-22 17:24:16,Trader A,NYSE,V,Sell,489,489,200.88
Order_505,2023-11-22 17:24:40,Trader C,CME,V,Buy,334,334,198.08
Order_429,2023-11-22 17:24:42,Trader C,NYSE,JPM,Sell,442,442,122.29
Order_741,2023-11-22 17:25:05,Trader B,NASDAQ,GOOGL,Buy,833,833,2508.15
Order_663,2023-11-22 17:25:13,Trader D,CME,TSLA,Sell,622,622,637.5
Order_375,2023-11-22 17:25:24,Trader C,LSE,AMZN,Sell,551,551,3096.33
Order_618,2023-11-22 17:26:23,Trader D,LSE,FB,Buy,500,500,204.57
Order_301,2023-11-22 17:27:08,Trader A,NYSE,GOOGL,Buy,247,247,2721.82
Order_259,2023-11-22 17:28:09,Trader C,NYSE,TSLA,Sell,804,804,667.03
Order_670,2023-11-22 17:29:03,Trader C,NASDAQ,AMZN,Buy,742,742,3193.96
Order_558,2023-11-22 17:29:18,Trader C,CME,JNJ,Sell,256,256,172.36
Order_4,2023-11-22 17:29:51,Trader B,CME,MSFT,Sell,875,875,267.87
Order_521,2023-11-22 17:30:34,Trader C,NASDAQ,TSLA,Buy,670,670,734.11
Order_552,2023-11-22 17:31:36,Trader D,NYSE,TSLA,Buy,294,294,661.9
Order_228,2023-11-22 17:31:48,Trader C,NASDAQ,JNJ,Sell,79,79,171.54
Order_659,2023-11-22 17:32:47,Trader B,CME,BRK.A,Buy,232,232,364784.94
Order_886,2023-11-22 17:32:51,Trader D,LSE,TSLA,Buy,978,978,651.57
Order_968,2023-11-22 17:33:31,Trader B,CME,JPM,Buy,944,944,127.63
Order_751,2023-11-22 17:33:58,Trader A,LSE,GOOGL,Buy,780,780,2557.67
Order_990,2023-11-22 17:34:17,Trader B,LSE,JPM,Sell,695,20,125.38
Order_813,2023-11-22 17:34:18,Trader D,LSE,AAPL,Buy,218,218,164.51
Order_926,2023-11-22 17:34:22,Trader C,NASDAQ,GOOGL,Sell,529,529,2683.48
Order_340,2023-11-22 17:34:26,Trader D,NYSE,FB,Sell,239,239,214.88
Order_11,2023-11-22 17:34:47,Trader A,NASDAQ,AAPL,Buy,275,275,160.92
Order_852,2023-11-22 17:36:54,Trader B,LSE,TSLA,Buy,829,829,645.08
Order_936,2023-11-22 17:37:45,Trader A,LSE,JPM,Sell,106,106,118.11
Order_51,2023-11-22 17:37:59,Trader C,LSE,GOOGL,Sell,938,938,2967.74
Order_673,2023-11-22 17:38:08,Trader B,NYSE,AMZN,Sell,872,872,3291.22
Order_278,2023-11-22 17:38:10,Trader C,LSE,V,Sell,705,705,212.71
Order_42,2023-11-22 17:38:37,Trader A,CME,JNJ,Sell,20,20,147.15
Order_777,2023-11-22 17:39:06,Trader A,NASDAQ,JNJ,Sell,632,632,146.28
Order_99,2023-11-22 17:39:11,Trader A,CME,V,Buy,822,822,197.51
Order_216,2023-11-22 17:39:36,Trader C,NASDAQ,JPM,Sell,200,200,119.28
Order_935,2023-11-22 17:40:05,Trader A,NYSE,JNJ,Buy,367,367,168.87
Order_592,2023-11-22 17:40:05,Trader B,LSE,V,Sell,97,97,202.26
Order_798,2023-11-22 17:42:19,Trader A,CME,BRK.A,Buy,684,684,351485.22
Order_409,2023-11-22 17:42:22,Trader A,NYSE,JPM,Sell,134,134,122.28
Order_566,2023-11-22 17:44:09,Trader B,NASDAQ,V,Sell,783,783,216.99
Order_667,2023-11-22 17:44:17,Trader D,LSE,JPM,Buy,295,295,136.51
Order_906,2023-11-22 17:45:47,Trader A,CME,GOOGL,Sell,946,946,2580.44
Order_641,2023-11-22 17:47:14,Trader A,NASDAQ,JPM,Sell,599,599,141.42
Order_46,2023-11-22 17:48:18,Trader A,NASDAQ,V,Sell,226,226,190.43
Order_870,2023-11-22 17:50:58,Trader D,NASDAQ,JPM,Buy,589,589,132.96
Order_316,2023-11-22 17:51:19,Trader D,NASDAQ,AMZN,Buy,970,970,2799.18
Order_570,2023-11-22 17:51:53,Trader C,NYSE,FB,Sell,998,998,192.04
Order_694,2023-11-22 17:52:00,Trader C,NASDAQ,MSFT,Buy,725,725,263.26
Order_451,2023-11-22 17:52:56,Trader D,CME,JNJ,Buy,930,930,161.29
Order_120,2023-11-22 17:52:59,Trader B,LSE,BRK.A,Buy,641,641,342114.86
Order_901,2023-11-22 17:53:05,Trader C,CME,MSFT,Sell,943,943,239.12
Order_918,2023-11-22 17:53:53,Trader C,NYSE,JNJ,Buy,633,633,152.5
Order_735,2023-11-22 17:54:38,Trader D,CME,FB,Buy,385,385,195.29
Order_346,2023-11-22 17:55:16,Trader B,LSE,JNJ,Buy,846,846,162.79
Order_147,2023-11-22 17:55:36,Trader A,CME,FB,Buy,479,479,196.14
Order_261,2023-11-22 17:56:50,Trader C,LSE,GOOGL,Sell,566,566,2666.89
Order_353,2023-11-22 17:57:27,Trader D,LSE,GOOGL,Buy,824,824,2463.01
Order_749,2023-11-22 17:57:34,Trader B,NASDAQ,AMZN,Buy,693,693,2854.81
Order_604,2023-11-22 17:58:01,Trader C,NASDAQ,BRK.A,Buy,211,211,370540.77
Order_60,2023-11-22 17:58:35,Trader D,LSE,JNJ,Buy,212,212,166.62
Order_666,2023-11-22 17:58:39,Trader C,NYSE,AAPL,Sell,21,21,144.21
Order_713,2023-11-22 17:58:48,Trader B,CME,AAPL,Buy,784,784,145.2
Order_389,2023-11-22 17:59:34,Trader D,LSE,V,Sell,383,383,206.84
Order_784,2023-11-22 18:00:14,Trader C,LSE,FB,Sell,259,259,217.72
Order_644,2023-11-22 18:00:22,Trader D,NASDAQ,AAPL,Buy,341,341,161.71
Order_214,2023-11-22 18:01:05,Trader C,LSE,AAPL,Buy,604,604,149.82
Order_637,2023-11-22 18:01:08,Trader D,NYSE,V,Buy,339,339,201.74
Order_877,2023-11-22 18:01:12,Trader C,NASDAQ,JNJ,Buy,98,98,167.17
Order_689,2023-11-22 18:01:35,Trader B,NYSE,MSFT,Sell,34,34,266.13
Order_982,2023-11-22 18:02:06,Trader D,CME,BRK.A,Sell,157,157,327380.22
Order_231,2023-11-22 18:02:10,Trader A,NYSE,TSLA,Sell,53,53,739.95
Order_596,2023-11-22 18:02:21,Trader B,NASDAQ,MSFT,Sell,267,267,242.94
Order_642,2023-11-22 18:03:41,Trader C,LSE,AAPL,Sell,65,65,159.73
Order_937,2023-11-22 18:04:20,Trader B,NASDAQ,BRK.A,Sell,377,377,368257.16
Order_361,2023-11-22 18:05:04,Trader C,NYSE,AMZN,Sell,660,660,2845.64
Order_634,2023-11-22 18:05:37,Trader D,LSE,JPM,Buy,542,542,136.89
Order_834,2023-11-22 18:06:12,Trader C,NYSE,GOOGL,Buy,774,774,2541.91
Order_677,2023-11-22 18:06:19,Trader A,NASDAQ,TSLA,Buy,434,434,641.12
Order_973,2023-11-22 18:07:12,Trader B,LSE,AMZN,Sell,24,24,3070.22
Order_874,2023-11-22 18:07:22,Trader C,LSE,GOOGL,Sell,965,965,2742.81
Order_662,2023-11-22 18:07:32,Trader C,NASDAQ,MSFT,Sell,554,554,274.14
Order_237,2023-11-22 18:08:24,Trader A,NASDAQ,AMZN,Sell,279,279,3366.32
Order_265,2023-11-22 18:08:25,Trader B,NYSE,JNJ,Buy,330,330,144.31
Order_620,2023-11-22 18:10:10,Trader C,LSE,AMZN,Sell,987,987,3294.84
Order_811,2023-11-22 18:11:10,Trader C,LSE,JNJ,Buy,408,408,144.6
Order_762,2023-11-22 18:11:11,Trader A,LSE,V,Sell,728,728,200.63
Order_349,2023-11-22 18:12:56,Trader C,CME,BRK.A,Sell,993,993,381005.85
Order_378,2023-11-22 18:12:58,Trader A,NYSE,FB,Buy,201,201,202.2
Order_909,2023-11-22 18:14:09,Trader D,LSE,MSFT,Buy,910,910,239.11
Order_495,2023-11-22 18:16:05,Trader D,NYSE,V,Sell,474,474,191.98
Order_788,2023-11-22 18:16:46,Trader B,NYSE,AAPL,Buy,609,609,162.78
Order_137,2023-11-22 18:16:55,Trader C,LSE,JPM,Buy,488,488,125.22
Order_699,2023-11-22 18:18:25,Trader D,CME,TSLA,Buy,613,613,647.25
Order_700,2023-11-22 18:18:39,Trader A,NYSE,AMZN,Buy,431,431,3091.96
Order_957,2023-11-22 18:18:41,Trader D,CME,GOOGL,Buy,898,898,2829.47
Order_267,2023-11-22 18:20:04,Trader D,CME,AAPL,Sell,819,819,138.66
Order_865,2023-11-22 18:20:29,Trader B,CME,V,Sell,951,951,203.53
Order_905,2023-11-22 18:21:06,Trader A,LSE,V,Sell,846,846,192.45
Order_914,2023-11-22 18:21:20,Trader D,NASDAQ,FB,Sell,538,538,216.42
Order_171,2023-11-22 18:22:04,Trader A,NYSE,V,Sell,431,431,202.06
Order_839,2023-11-22 18:22:05,Trader C,NYSE,AAPL,Buy,170,170,137.89
Order_954,2023-11-22 18:22:18,Trader C,LSE,JNJ,Buy,93,93,166.15
Order_650,2023-11-22 18:23:31,Trader B,NASDAQ,JPM,Sell,862,862,140.97
Order_734,2023-11-22 18:24:08,Trader C,NASDAQ,AMZN,Sell,267,267,3346.65
Order_632,2023-11-22 18:24:49,Trader A,NYSE,BRK.A,Buy,145,145,346209.7
Order_440,2023-11-22 18:26:25,Trader C,NYSE,JPM,Buy,798,798,122.52
Order_731,2023-11-22 18:26:46,Trader B,CME,AAPL,Buy,819,819,141.52
Order_866,2023-11-22 18:27:11,Trader B,CME,BRK.A,Buy,534,534,322286.72
Order_509,2023-11-22 18:28:36,Trader D,NASDAQ,TSLA,Buy,500,500,697.66
Order_117,2023-11-22 18:29:28,Trader D,LSE,AMZN,Buy,637,637,3386.17
Order_779,2023-11-22 18:30:54,Trader A,CME,MSFT,Buy,505,505,248.82
Order_635,2023-11-22 18:32:10,Trader D,LSE,MSFT,Sell,975,975,240.3
Order_8,2023-11-22 18:32:11,Trader A,LSE,AMZN,Sell,140,140,3205.85
Order_114,2023-11-22 18:32:59,Trader A,NASDAQ,FB,Buy,295,295,214.55
Order_91,2023-11-22 18:33:42,Trader D,NASDAQ,TSLA,Sell,330,330,664.15
Order_253,2023-11-22 18:34:05,Trader A,NYSE,AMZN,Sell,452,452,3271.75
Order_805,2023-11-22 18:34:24,Trader C,NASDAQ,AAPL,Sell,647,647,154.79
Order_284,2023-11-22 18:34:33,Trader C,NASDAQ,AAPL,Buy,204,204,141.2
Order_47,2023-11-22 18:35:09,Trader A,CME,V,Sell,863,863,190.81
Order_146,2023-11-22 18:35:32,Trader B,CME,JNJ,Sell,784,784,169.69
Order_795,2023-11-22 18:35:43,Trader B,LSE,AMZN,Sell,855,855,3357.67
Order_433,2023-11-22 18:35:46,Trader D,LSE,JNJ,Buy,823,823,175.61
Order_233,2023-11-22 18:36:03,Trader A,NYSE,JNJ,Sell,776,776,162.55
Order_986,2023-11-22 18:36:30,Trader D,NYSE,V,Sell,782,782,221.51
Order_469,2023-11-22 18:37:06,Trader A,NASDAQ,GOOGL,Buy,62,62,2649.47
Order_724,2023-11-22 18:37:40,Trader D,CME,BRK.A,Buy,366,366,341875.42
Order_815,2023-11-22 18:38:44,Trader B,CME,JNJ,Buy,661,661,175.58
Order_376,2023-11-22 18:40:24,Trader C,CME,V,Sell,79,79,209.82
Order_286,2023-11-22 18:40:54,Trader C,CME,BRK.A,Buy,266,266,362716.56
Order_437,2023-11-22 18:41:06,Trader C,CME,JNJ,Buy,773,773,173.65
Order_279,2023-11-22 18:42:06,Trader C,LSE,AMZN,Buy,671,671,3138.03
Order_823,2023-11-22 18:44:29,Trader A,CME,JPM,Buy,184,184,117.41
Order_308,2023-11-22 18:44:35,Trader B,NYSE,JPM,Sell,303,303,129.97
Order_664,2023-11-22 18:45:06,Trader A,CME,JNJ,Sell,788,788,171.65
Order_931,2023-11-22 18:46:06,Trader C,LSE,MSFT,Sell,41,41,232.85
Order_338,2023-11-22 18:46:34,Trader A,CME,MSFT,Buy,944,944,267.46
Order_92,2023-11-22 18:46:46,Trader B,NASDAQ,JPM,Sell,988,988,129.63
Order_948,2023-11-22 18:47:24,Trader B,NASDAQ,GOOGL,Buy,827,827,2775.88
Order_793,2023-11-22 18:47:38,Trader D,LSE,TSLA,Buy,134,134,711.68
Order_587,2023-11-22 18:47:47,Trader B,LSE,TSLA,Sell,615,615,657.51
Order_956,2023-11-22 18:47:50,Trader D,NYSE,JPM,Sell,364,364,132.62
Order_165,2023-11-22 18:47:59,Trader C,CME,V,Sell,570,570,223.59
Order_390,2023-11-22 18:48:02,Trader D,NYSE,V,Sell,164,164,210.68
Order_230,2023-11-22 18:48:37,Trader A,CME,V,Buy,693,693,218.13
Order_719,2023-11-22 18:49:30,Trader B,NASDAQ,AAPL,Sell,44,44,144.66
Order_166,2023-11-22 18:49:30,Trader D,NASDAQ,BRK.A,Sell,560,560,316984.5
Order_478,2023-11-22 18:49:45,Trader D,LSE,AMZN,Buy,515,515,3138.66
Order_317,2023-11-22 18:50:49,Trader B,LSE,GOOGL,Sell,733,733,2530.58
Order_864,2023-11-22 18:51:42,Trader D,LSE,V,Buy,359,359,218.29
Order_408,2023-11-22 18:51:46,Trader C,LSE,AMZN,Buy,650,650,3154.74
Order_753,2023-11-22 18:52:05,Trader B,LSE,JPM,Buy,204,204,119.4
Order_742,2023-11-22 18:52:16,Trader D,CME,V,Buy,727,727,214.17
Order_615,2023-11-22 18:52:53,Trader A,CME,BRK.A,Buy,52,52,365558.49
Order_698,2023-11-22 18:52:57,Trader A,LSE,JPM,Sell,168,168,117.37
Order_243,2023-11-22 18:53:21,Trader C,NASDAQ,JNJ,Sell,177,177,163.6
Order_159,2023-11-22 18:53:43,Trader B,NYSE,GOOGL,Buy,972,972,2885.6
Order_248,2023-11-22 18:54:15,Trader D,NASDAQ,V,Sell,604,604,195.75
Order_759,2023-11-22 18:54:23,Trader D,NYSE,AMZN,Buy,813,813,3244.45
Order_471,2023-11-22 18:54:49,Trader A,NASDAQ,V,Buy,13,13,218.67
Order_90,2023-11-22 18:55:43,Trader C,NASDAQ,AAPL,Sell,378,378,146.94
Order_262,2023-11-22 18:56:17,Trader A,LSE,JNJ,Buy,20,20,145.56
Order_173,2023-11-22 18:56:52,Trader C,CME,AMZN,Sell,443,443,3283.64
Order_679,2023-11-22 18:57:09,Trader D,LSE,V,Sell,989,989,220.12
Order_275,2023-11-22 18:57:14,Trader B,LSE,AMZN,Sell,256,256,3268.91
Order_103,2023-11-22 18:59:08,Trader A,NASDAQ,AMZN,Buy,462,462,2904.36
Order_57,2023-11-22 19:00:07,Trader D,CME,V,Buy,998,998,221.01
Order_105,2023-11-22 19:00:24,Trader A,NYSE,GOOGL,Sell,695,695,2663.31
Order_669,2023-11-22 19:00:25,Trader C,NYSE,GOOGL,Buy,543,543,2475.27
Order_345,2023-11-22 19:01:07,Trader A,NYSE,V,Buy,944,944,213.2
Order_303,2023-11-22 19:01:38,Trader D,LSE,MSFT,Sell,958,958,241.42
Order_550,2023-11-22 19:03:45,Trader D,NASDAQ,TSLA,Sell,659,659,640.08
Order_170,2023-11-22 19:03:51,Trader D,LSE,V,Buy,868,868,226.47
Order_960,2023-11-22 19:04:09,Trader B,CME,JNJ,Sell,799,799,149.72
Order_151,2023-11-22 19:04:15,Trader D,CME,FB,Sell,733,733,190.93
Order_695,2023-11-22 19:04:34,Trader A,LSE,GOOGL,Sell,767,767,2945.63
Order_730,2023-11-22 19:05:05,Trader C,LSE,JNJ,Buy,148,148,151.39
Order_928,2023-11-22 19:05:17,Trader B,CME,FB,Sell,787,787,197.94
Order_242,2023-11-22 19:05:20,Trader B,CME,FB,Buy,287,287,212.79
Order_846,2023-11-22 19:05:59,Trader D,NASDAQ,V,Buy,192,192,209.5
Order_778,2023-11-22 19:06:24,Trader C,LSE,GOOGL,Sell,205,205,2451.62
Order_878,2023-11-22 19:06:33,Trader A,LSE,V,Buy,129,129,209.0
Order_876,2023-11-22 19:07:17,Trader D,CME,FB,Sell,754,754,183.66
Order_709,2023-11-22 19:07:51,Trader B,CME,JPM,Sell,253,253,125.53
Order_318,2023-11-22 19:08:37,Trader A,LSE,V,Buy,154,154,198.31
Order_796,2023-11-22 19:11:49,Trader D,NYSE,FB,Sell,541,541,194.5
Order_432,2023-11-22 19:11:57,Trader C,LSE,AMZN,Buy,914,914,3057.06
Order_436,2023-11-22 19:11:58,Trader C,NYSE,JPM,Buy,505,505,141.64
Order_37,2023-11-22 19:12:03,Trader B,LSE,JPM,Buy,456,456,133.87
Order_354,2023-11-22 19:13:29,Trader A,NASDAQ,FB,Buy,527,527,189.89
Order_563,2023-11-22 19:14:13,Trader A,NYSE,MSFT,Buy,806,806,269.77
Order_518,2023-11-22 19:14:59,Trader B,CME,BRK.A,Buy,896,896,356944.96
Order_792,2023-11-22 19:15:09,Trader B,CME,TSLA,Sell,421,421,730.3
Order_579,2023-11-22 19:16:59,Trader D,NASDAQ,GOOGL,Sell,433,433,2648.09
Order_801,2023-11-22 19:19:12,Trader D,NYSE,AMZN,Buy,799,799,2947.17
Order_493,2023-11-22 19:19:40,Trader A,CME,JNJ,Sell,995,995,151.88
Order_410,2023-11-22 19:20:02,Trader D,CME,GOOGL,Sell,631,631,2495.05
Order_457,2023-11-22 19:21:09,Trader B,NASDAQ,MSFT,Buy,238,238,270.92
Order_995,2023-11-22 19:21:41,Trader B,NASDAQ,JPM,Buy,46,46,136.86
Order_499,2023-11-22 19:23:08,Trader C,NASDAQ,FB,Sell,855,855,190.89
Order_435,2023-11-22 19:23:09,Trader A,CME,V,Sell,936,936,215.9
Order_568,2023-11-22 19:23:48,Trader A,LSE,AAPL,Sell,384,384,148.19
Order_306,2023-11-22 19:24:18,Trader B,LSE,AAPL,Sell,986,986,154.27
Order_149,2023-11-22 19:24:36,Trader B,NASDAQ,JPM,Buy,377,377,121.27
Order_804,2023-11-22 19:24:42,Trader C,NYSE,BRK.A,Buy,619,619,369438.66
Order_633,2023-11-22 19:25:13,Trader A,NYSE,AAPL,Buy,364,364,136.93
Order_716,2023-11-22 19:26:20,Trader D,NASDAQ,JPM,Sell,256,256,123.06
Order_461,2023-11-22 19:26:35,Trader D,NASDAQ,AMZN,Sell,670,670,3006.04
Order_981,2023-11-22 19:27:20,Trader D,NASDAQ,JPM,Buy,422,422,134.68
Order_885,2023-11-22 19:27:38,Trader D,LSE,AMZN,Buy,778,778,3119.9
Order_772,2023-11-22 19:28:26,Trader C,NASDAQ,TSLA,Buy,808,808,670.31
Order_958,2023-11-22 19:29:20,Trader D,LSE,MSFT,Buy,888,888,251.44
